name,Tc,number_of_elements,mean_atomic_mass,wtd_mean_atomic_mass,gmean_atomic_mass,wtd_gmean_atomic_mass,entropy_atomic_mass,wtd_entropy_atomic_mass,range_atomic_mass,wtd_range_atomic_mass,std_atomic_mass,wtd_std_atomic_mass,mean_fie,wtd_mean_fie,gmean_fie,wtd_gmean_fie,entropy_fie,wtd_entropy_fie,range_fie,wtd_range_fie,std_fie,wtd_std_fie,mean_atomic_radius,wtd_mean_atomic_radius,gmean_atomic_radius,wtd_gmean_atomic_radius,entropy_atomic_radius,wtd_entropy_atomic_radius,range_atomic_radius,wtd_range_atomic_radius,std_atomic_radius,wtd_std_atomic_radius,mean_Density,wtd_mean_Density,gmean_Density,wtd_gmean_Density,entropy_Density,wtd_entropy_Density,range_Density,wtd_range_Density,std_Density,wtd_std_Density,mean_ElectronAffinity,wtd_mean_ElectronAffinity,gmean_ElectronAffinity,wtd_gmean_ElectronAffinity,entropy_ElectronAffinity,wtd_entropy_ElectronAffinity,range_ElectronAffinity,wtd_range_ElectronAffinity,std_ElectronAffinity,wtd_std_ElectronAffinity,mean_FusionHeat,wtd_mean_FusionHeat,gmean_FusionHeat,wtd_gmean_FusionHeat,entropy_FusionHeat,wtd_entropy_FusionHeat,range_FusionHeat,wtd_range_FusionHeat,std_FusionHeat,wtd_std_FusionHeat,mean_ThermalConductivity,wtd_mean_ThermalConductivity,gmean_ThermalConductivity,wtd_gmean_ThermalConductivity,entropy_ThermalConductivity,wtd_entropy_ThermalConductivity,range_ThermalConductivity,wtd_range_ThermalConductivity,std_ThermalConductivity,wtd_std_ThermalConductivity,mean_Valence,wtd_mean_Valence,gmean_Valence,wtd_gmean_Valence,entropy_Valence,wtd_entropy_Valence,range_Valence,wtd_range_Valence,std_Valence,wtd_std_Valence
La1.78Sr0.22Cu0.98Zn0.02O4,9.555,5.0,74.29,56.30085428571428,60.47688589160383,35.6113286877664,1.4518296606872134,1.0457616113025918,122.906,35.13475714285715,39.86339032746714,51.97743494615355,810.66697,1011.8701728857144,765.2835773553157,940.071534270674,1.5504866692120027,0.8110135281527548,775.835885,748.2290454571429,286.0781714358816,354.8301224476481,148.6,110.04857142857144,129.97885842494986,85.8722146114533,1.498696436642931,1.172693697649338,178,57.120000000000005,66.63212438456394,77.70078459404778,4974.0858,2921.093714285714,1081.0160782349046,52.94093452948192,1.3095959003345536,0.8354316072785019,8958.571,1562.0234285714284,3229.3609062237933,3560.141871464584,62.02055800000001,108.9103383,0.2039384408511865,85.56776033203784,1.0698331917685977,0.7570638719756294,140.964585,80.55119142857143,58.163584479907925,44.77544654366511,6.889200000000001,3.91172,4.551984157772433,1.534716695120126,1.392475973938103,1.0954771613494367,12.606,1.80608,4.011255085381632,4.507369080123919,113.18534,61.032114285714286,14.278748058350043,0.6416717665893522,0.8319278214382084,0.3421331645342531,400.9733,56.12474285714285,149.42409762706416,137.5187105359374,3.0,4.54,2.701920077041227,4.153825080432498,1.494365082953388,0.7512228872645981,4,3.4228571428571426,1.5491933384829668,1.7162583888048026
Y1Ba2Cu1O8,82.25,4.0,76.4445,46.25816666666667,59.356326514095656,29.62712354660907,1.199538472117481,1.227905509596921,121.328,17.592333333333332,43.82350271543798,46.5740530568136,790.52572625,1071.87598625,737.2641697985066,1000.3778177665656,1.3133158868600738,0.6722529131404273,811.05291,825.9678829166667,314.279248621623,347.08483199790027,160.25,102.5,134.7339050424837,77.76957596559438,1.2486435701184562,1.2673463106775833,205,31.5,78.93153678980285,82.51414020235157,4235.85725,1705.2859999999998,669.5565878093886,21.27192643094526,1.015407122700988,1.0651673583138794,8958.571,745.7139999999999,3194.938945916289,2738.9869817564545,75.90957375,108.6903525,51.27602037761395,82.95721013768572,1.0914873152193318,0.5123433558443957,127.070745,91.66075,54.980128706180565,52.17545511575148,8.001000000000001,3.519333333333333,4.655853429547456,1.224653323197786,1.12718599714348,1.2911047765858956,12.606,0.8906666666666665,4.869859648901598,4.604092406640954,109.156675,37.934466666666665,7.629577273429074,0.303179533031194,0.3396185736618679,0.4424136280669403,400.9733,33.39886666666666,168.65251400784655,109.73668505704411,3.25,4.75,2.9129506302439405,4.303136313272521,1.2711814798605796,0.6036660534839792,4,3.8333333333333335,1.6393596310755,1.7853571071357124
Ba0.5K0.5Fe2As2,35.28,4.0,76.798,69.94930000000001,68.84557524832545,66.31755564268876,1.27635596460641,1.2085048383759966,98.229,26.059,37.17390693080296,25.27091859054593,657.7864875,775.9420185000001,624.4751798076293,751.2252072388867,1.3355338183832808,1.0520077873467126,528.1588899999999,336.9159715,209.57371012752083,178.84586426105395,192.75,159.6,183.8017273946484,153.58234817150336,1.3412620382852287,1.3065476323362613,134,38.10000000000001,56.88749862667544,47.24870368592138,4493.25,5877.6,3417.7024045507314,5125.43199556276,1.1906322118383743,0.9317692172449582,7012.0,3063.4000000000005,2603.09271588624,2163.213960753767,39.1246675,43.9296205,30.17955682184552,33.067748560665514,1.1547630811064116,0.8701660105839641,64.64495,30.026132,26.5632247029174,29.823326210508647,12.74125,17.549500000000002,8.930177301564624,14.293746213747893,1.101425289269797,0.841688187370047,25.365,10.8465,9.549802599399634,8.99067028924985,62.875,64.33,52.52612508641094,58.8759699816105,1.2433551832205147,1.104341724023167,84.1,30.320000000000004,31.685751924169324,23.233856761200887,2.75,3.5,2.340347319320716,3.166208446924181,1.2406842915533958,0.9519246430992504,4,1.9,1.479019945774904,1.3601470508735445
La1.875Ba0.05Sr0.075Cu1O4,15.25,5.0,88.6794,57.346675,70.15386835114043,35.94700086841384,1.445330639151073,1.0021171119841643,122.906,36.26791071428571,46.485375225332966,53.10041892952261,729.9669160000001,1010.9229658571428,680.2258999583532,938.6852914766567,1.532617330216607,0.7857253123203204,811.05291,747.2267041428571,304.0437585767752,355.7281677213742,174.8,110.40357142857142,150.39204209729874,86.00929110132091,1.496109343555189,1.1224165701474478,205,58.72857142857143,76.10361358043389,78.23260638334001,4249.4858,2980.3165714285715,938.0783908488428,53.69982343401213,1.2796371507508266,0.7773510038573423,8958.571,1645.4334285714283,3065.983373080578,3586.987197926928,64.799326,109.86953703571427,34.51942503452869,96.3094123523742,1.2009555169073225,0.7697675250130931,136.333305,80.50157057142857,55.4004267322698,43.178683901366725,6.8488,3.9091785714285714,4.526586206887741,1.5330150709123156,1.3914907597446422,1.030089128736548,12.606,1.813428571428572,4.007708292777807,4.517733182799687,93.66534,61.427757142857146,9.880117227153926,0.6326160347810629,0.5580542891006853,0.2784682140150322,400.9733,57.27045714285714,154.08373770538668,138.79072178146856,3.0,4.553571428571429,2.701920077041227,4.176745507731537,1.494365082953388,0.736790548376323,4,3.414285714285714,1.5491933384829668,1.6999962484952604
Y0.6Pr0.4Ba2Cu3O6.929,45.05,5.0,89.3372,53.047866888390445,70.56035258852464,35.58841001361333,1.444535308973285,1.420896487378153,124.909,17.117364065279602,46.917868295138895,46.45920120545968,738.0330620000001,999.107600368938,689.6608171968622,930.8529800467238,1.535931570056902,0.9159707622142312,811.05291,687.8347067963492,300.06511975168064,346.99093795408913,177.6,112.04207595328332,152.09709122265988,87.84115273532989,1.492529994371754,1.453941926686437,205,31.495088560600205,78.66536722090605,79.73637877783175,4743.2858,3039.856256555031,1063.6188979110775,68.63098503785174,1.323573397766869,0.937207511016632,8958.571,2078.281263748163,3032.497786961528,3693.32909214464,70.376159,108.21237152641348,50.65442738088957,85.24379452832606,1.341507660004664,0.7918912070678916,127.070745,74.17209934759067,50.405618310071496,48.75174130187734,7.778800000000001,5.109171320287726,5.035507930512905,1.89112301815702,1.394548507056371,1.1508904906066453,12.606,2.8149122128548227,4.378346464134606,5.371182539746937,89.82534000000001,97.09219617139765,8.421362912893093,1.1160389554302157,0.4572889043571233,0.2070396977751697,400.9733,93.0323300874004,155.72327519180428,167.19971176914234,3.2,4.22105344574213,2.9301560515835217,3.718364999903919,1.5154125173887332,0.8380048132065167,4,3.122747312243793,1.469693845669907,1.928496530214254
La1.9Sr0.1Cu0.9925Zn0.0075O4,14.865,5.0,74.29,57.17675071428571,60.47688589160383,35.89191650954885,1.4518296606872134,0.9507691990915272,122.906,37.63273571428571,39.86339032746714,52.92439125626698,810.66697,1011.38761005,765.2835773553157,939.4061977071628,1.5504866692120027,0.781014520888726,775.835885,749.8475813321429,286.0781714358816,355.23764286567683,148.6,110.17928571428573,129.97885842494986,85.9259102065659,1.498696436642931,1.0784121061700342,178,61.21214285714286,66.63212438456394,77.87620670601751,4974.0858,2984.6305,1081.0160782349046,53.73879712532235,1.3095959003345536,0.7613097161418346,8958.571,1667.3834285714283,3229.3609062237933,3588.9901023816124,62.02055800000001,109.82112224107144,0.2039384408511865,93.5105885418526,1.0698331917685977,0.7650721891391672,140.964585,80.55119142857143,58.163584479907925,43.19564939224908,6.889200000000001,3.900862857142857,4.551984157772433,1.5315423777735186,1.392475973938103,1.004760873893509,12.606,1.8424585714285715,4.011255085381632,4.508012480467304,113.18534,61.16561428571429,14.278748058350043,0.6325541065224942,0.8319278214382084,0.2908643404631502,400.9733,56.84081428571429,149.42409762706416,138.34681046192705,3.0,4.557142857142857,2.701920077041227,4.182798191119545,1.494365082953388,0.7300035167875774,4,3.426428571428571,1.5491933384829668,1.6956727639639022
Ba1Fe1.82Ni0.18As2,14.15,4.0,81.69675000000001,79.874728,76.20508899630933,75.32971458764021,1.3123000697178724,1.1792419091969528,81.482,27.855852,32.93215542881303,29.938273303415748,737.36249125,783.43581548,719.2685561387,764.1602490142404,1.3626432111461428,1.0971774328750687,444.120455,352.26287560000003,157.76428096976167,163.34474180727744,169.25,160.348,162.64644952573997,153.9483179934361,1.34480750139686,1.2057809427820716,134,51.42,50.310908359917335,49.11475232554879,6504.75,6179.624,6127.7703315411245,5924.333705420371,1.332089098888054,1.124825122057784,5398.0,2545.448,2075.083055566692,1679.3815488518385,54.92408625,43.93425178,37.19571274215313,31.32454933880836,1.0752448655279998,0.8986412026713843,97.64282,28.636748,41.78075545615639,33.37084208579264,16.445,18.14824,14.701254347593544,16.10467310354903,1.283054569336223,0.9715616120674624,20.58,10.4626,7.434226590574165,8.228325182101154,59.97500000000001,56.298,50.97243350953929,49.80426703411596,1.2583616840684904,1.0514868227420138,72.5,25.9932,28.273518970938163,23.59403729758856,3.0,3.564,2.7831576837137404,3.3442845110569888,1.308605386853449,1.0109375140096084,3,1.928,1.224744871391589,1.232032467104662
Ca10Ir4Fe10As18,17.35,4.0,90.7655,73.25461904761904,75.34819850762693,65.84168398438123,1.1935694862072093,1.2833018928617828,152.139,22.567047619047614,59.85834804143864,41.02730335424864,791.10463625,810.2167066666666,779.0978841192272,796.5889651100975,1.371618846716908,1.217667778927931,357.18747,323.4590707142857,133.35264374116784,142.885191317638,162.25,151.47619047619048,159.56456356765304,148.3184591269215,1.3703634577066734,1.3199359018875478,75,33.85714285714286,28.428638729281428,31.063098682733543,9427.75,6846.809523809523,6301.563932685098,5157.180167800393,1.0518310077672588,1.2435496378383937,21010.0,2085.3809523809523,7915.564173670756,5566.271844729928,61.7504,52.198385,23.85665308515885,22.998285548795486,0.875386740802355,0.8654289615723495,149.262295,33.24597428571428,59.09093833880252,46.36817876181232,19.0375,19.678571428571427,17.08806771830815,17.634945739755636,1.2898537928461635,1.099731235707747,19.16,9.838095238095235,8.100032021541644,8.321226034731206,119.65,102.51428571428572,104.50048101724444,86.55588527445202,1.2630971623667095,1.2685350138582097,150.8,33.857142857142854,58.586922602232654,61.54031033329591,3.25,3.619047619047618,3.0800702882410227,3.3905706635041004,1.3322449220385326,1.097878434603353,3,1.8571428571428568,1.0897247358851685,1.2526615655205624
Mg1B1.9C0.1,32.84363636,3.0,15.708999999999998,15.349,14.668314733445746,14.212360993499102,1.0276497881493798,0.7924875218941052,13.494,7.7013,6.0980003279763775,6.336447585201032,874.92598,789.189409,862.5319132987916,787.0560918740368,1.0840066285764904,0.788966630941767,348.6967900000001,470.85323233333327,151.7388115013271,62.53564253866476,99.66666666666669,105.66666666666666,94.54836414638156,102.2556595248854,1.0453438925785568,0.7788274124550655,78,52.86666666666666,33.079029946814074,28.039654459750786,2115.0,2136.9,2096.8742340847257,2116.906538869912,1.0903070515950457,0.7258526108487555,602.0,1406.4333333333334,268.2399423401867,282.36387280717526,49.62545166666666,21.172025166666668,0.006904946660633,0.0043942699421219,0.4736071973403113,0.4889056304502009,121.860555,17.110006666666667,52.25511762875803,22.56071136461868,54.559000000000005,38.119,35.48502098998265,28.43802239441312,0.8006011377447559,0.5634780136722544,96.523,28.967666666666663,39.52571351242968,23.117533360345057,104.0,73.39999999999999,81.60047577577268,51.04167373085566,0.9235130186771092,0.7498073182926843,129.0,47.7,55.5517776493246,61.16240675447623,3.0,2.7,2.8844991406148166,2.645993621439299,1.0608569468580211,0.7411930410128247,2,1.7666666666666666,0.816496580927726,0.5259911279353167
Al0.8Ge0.2Nb3,20.375,3.0,64.176,78.70790000000001,56.68018319293439,71.66489040461884,0.9947743651428612,0.4335507386945657,65.924,66.0475,27.570792710161,26.23250368131109,663.9776083333333,642.73000325,659.693013347849,641.4758827739831,1.0921228022186515,0.6838465532509711,184.67229,450.99501125,75.85522548598111,40.37223960269269,146.0,178.2,141.7867592207574,174.25822488298647,1.0682731903916889,0.5351913059421665,80,142.4,36.8057966449127,34.30393563426797,5530.333333333333,7233.25,4974.236284609269,6641.280582634134,1.0013320970137314,0.4200918371662017,5872.0,6161.35,2401.712768467999,2374.094919648328,82.55899833333335,79.079106,75.8363652338014,76.03862712166911,1.0221530979079505,0.5995076639165536,76.41612,58.6725285,31.30055620690186,19.596965717737508,24.683666666666664,23.7892,21.859670553779345,22.41526066335065,0.994294326366148,0.5679776792190587,26.229,17.952999999999996,10.776500988519212,6.925839123167675,116.96666666666664,90.685,91.50392171670968,72.67921167708735,0.8547463457268403,0.8126122699258879,183.3,44.39000000000001,84.91785573259737,73.17103439886577,4.0,4.55,3.914867641168864,4.464314209859222,1.077556326766801,0.5638741682260934,2,3.55,0.816496580927726,0.8046738469715541
La1Fe1As0.7P0.3O1,9.743333333,5.0,63.32900000000001,68.12165,49.19039769027139,51.68091433239967,1.3867601707304176,1.267146408901279,122.906,32.4032,42.86983696260111,45.61832175154517,914.658503,895.226424,876.2303978996354,849.4781242270244,1.5686016858576255,1.5034839579011228,775.835885,252.595317875,258.798637623507,285.6784597939557,129.4,135.675,114.56434129107136,117.40355365296053,1.5006637529189355,1.383294651710193,178,49.15,59.597315375778464,64.95975196227276,4314.2858,4644.307250000001,936.929275852011,728.0334034873778,1.28713603520369,1.165191699906962,7872.571,1968.14275,2926.7641593279363,3059.85308930146,70.530535,69.659757875,56.36842991737022,52.668631815589606,1.4279858400749907,1.321037522605739,125.23753,31.3093825,41.62944811038876,46.47879585835952,9.762200000000002,10.010275,3.698304750531312,4.302723582633827,1.04154656196879,1.083211467758714,27.256,4.798225,10.203647786943646,9.56246971756643,28.872540000000004,32.284375000000004,3.214721536698949,4.1315862210888685,0.92697158180353,0.8911303388716806,80.3733,20.093325,31.617680429253507,32.56275458682627,4.4,4.25,4.227335859913,4.053600464421103,1.5711965586893162,1.5193840141872148,3,1.125,1.2,1.299038105676658
Ba0.65Na0.35Fe2As2,31.25,4.0,72.771,71.76861,60.28678723507473,66.35191507987727,1.2209917146715876,1.1591870684733063,114.337,28.3595,41.64355104334884,28.821591039321547,677.035245,783.8528236500001,651.3844543641034,764.3333492394295,1.3477560158416289,1.0639151818903196,451.16386,344.09156095000003,189.29841865378924,164.01282098021628,179.5,156.19,172.8368810004595,151.1426539113667,1.3489273023950838,1.2664974316355115,134,49.10000000000001,49.30770730829005,43.03084823704967,4520.5,5964.67,3520.9692723922303,5390.689390458837,1.201416760735118,0.952355802748602,6903.0,3081.630000000001,2565.23220196535,2002.4199512340065,40.25836625,43.2137018,30.86374102237792,32.05430522123619,1.1544502689514538,0.8555169744853464,64.64495,29.609316799999995,27.02504848559281,30.32553873705532,12.807,17.711460000000002,9.171664229095567,14.890748153926053,1.1113335509451867,0.8580875302485961,25.102,10.89814,9.478569354074486,8.750392502533815,72.5,64.50200000000001,56.88518507435434,57.181502309033874,1.1848385402435269,1.1197143087089627,122.6,29.768000000000004,45.218248528663736,29.47634298891231,2.75,3.53,2.340347319320716,3.232737216826129,1.2406842915533958,0.9585520126936408,4,1.93,1.479019945774904,1.3149524706239386
Y0.6Pr0.4Ba2Cu4O8,55.25,5.0,89.3372,51.10245333333334,70.56035258852464,34.938374040718685,1.444535308973285,1.4100370640059994,124.909,14.754026666666666,46.917868295138895,44.29462809184077,738.0330620000001,1004.6751486,689.6608171968622,940.0219593325918,1.535931570056902,0.901511188367742,811.05291,686.6824585333334,300.06511975168064,339.2854627053845,177.6,108.53333333333332,152.09709122265988,86.26992249232761,1.492529994371754,1.4369531842576353,205,27.546666666666667,78.66536722090605,76.01040864396285,4743.2858,3217.5888,1063.6188979110775,72.03018119623279,1.323573397766869,0.8257155333369848,8958.571,2388.5712000000003,3032.497786961528,3836.8575079792095,70.376159,111.28065313333336,50.65442738088957,90.35610590719952,1.341507660004664,0.7909349641319738,127.070745,73.9962762,50.405618310071496,46.08416518647402,7.778800000000001,5.305466666666667,5.035507930512905,1.9395955596494576,1.394548507056371,1.0505578942961238,12.606,3.2962666666666665,4.378346464134606,5.530426986127644,89.82534000000001,110.42224,8.421362912893093,1.265587820548133,0.4572889043571233,0.165984695655894,400.9733,106.91909333333334,155.72327519180428,175.3520389395489,3.2,4.2,2.9301560515835217,3.691765288866927,1.5154125173887332,0.8213067867411585,4,3.12,1.469693845669907,1.9390719429665315
La1.83Sr0.17Cu0.99Ru0.01O4,30.55,5.0,81.42800000000001,56.71554142857143,65.98191106024157,35.749516212808466,1.4604536923732394,1.009976309356087,122.906,36.16935000000001,40.81292570252714,52.40149849934499,771.4361690000001,1011.2787198357144,728.8524970924063,939.3411900721107,1.548465747168377,0.795236630520133,775.835885,749.8040941642857,283.7025527429843,355.2179501413168,159.8,110.18714285714287,140.1795794283191,85.94377450291252,1.5087894647623556,1.137382312938087,178,58.82857142857144,65.92237859786312,77.81572081605651,6029.4858,2956.356571428572,1207.624915898398,53.32241048952623,1.2634439404579745,0.8103058249020808,12408.571,1605.9234285714288,4409.227210748677,3588.46575266131,82.282408,109.51612626428572,51.36046118404145,94.14348025095832,1.364564375874974,0.7704383377165941,136.333305,80.43871748571429,50.1185627788426,43.84064825253084,10.5548,3.9373,5.84914342779191,1.5367497463814137,1.2639685203745017,1.082038502343848,25.206,1.809,8.544565767784809,4.585395417907972,113.38534,61.28425714285715,14.303282134459888,0.6384065173485604,0.8332499174451415,0.3141459599799874,400.9733,56.6976,149.42840029814414,138.14387755250846,3.2,4.548571428571428,2.9301560515835217,4.168286462403952,1.5154125173887332,0.7439234929543198,4,3.424285714285714,1.469693845669907,1.7060181591013837
Gd1Ba2Cu4O8,72.66666667,4.0,93.5305,54.272,68.45133316455458,35.84923341754443,1.1681011522924725,1.3384990197135525,141.251,9.777466666666667,56.7637908904083,49.30405194301986,788.9096025,1006.1584446666668,735.2697354855967,942.5413817918236,1.3125919552486245,0.8800465883212463,811.05291,661.2052726666667,315.27068009318907,337.30822213728624,165.5,109.0,137.95324236205303,86.46183519274952,1.2431250379627474,1.3444815920725277,205,18.6,82.80247580839597,76.62027581956794,5093.10725,3384.8288,771.9378823612755,73.99216659229214,1.0322707768497077,0.8108166065166698,8958.571,2388.5712000000003,3580.1025544679146,3969.352820941019,80.564975,112.02551733333334,57.92582377179178,92.13630064223476,1.1494045228433574,0.7948266924612558,127.070745,73.3286,51.544622310348615,44.89337550619764,7.666,5.336133333333334,4.512423832476414,1.9494351407487505,1.1295465449582056,0.984699974533236,12.606,3.2432,4.6670738155722375,5.526081213864145,107.506675,110.10757333333332,6.759970964584897,1.2358732708011055,0.291893835930908,0.1467269912944819,400.9733,106.91909333333334,169.57386298798195,175.52555751661717,3.25,4.2,2.9129506302439405,3.691765288866927,1.2711814798605796,0.78925861222167,4,3.0,1.6393596310755,1.9390719429665315
La1Fe0.9Ru0.1As1F0.11O0.89,23.65,6.0,67.62316666666666,72.6308475,51.12371682333641,56.31109294176181,1.5689161148586643,1.30595819820039,122.906,34.203805,43.62959625994212,44.44876361766708,992.1230933333331,899.1545695625,920.7886926986844,849.5088078807657,1.7171507608209764,1.547025557757071,1142.9613099999997,274.5943803,391.2791512513119,305.5382022401094,128.16666666666666,137.635,107.05700466949676,119.08112135384933,1.642891505849457,1.3944842561856428,184,55.345,66.78926227737178,64.76655599149919,5360.020883333334,5050.514600749999,450.3017523014855,806.1654670670487,1.33648240267426,1.2589564813376275,12408.571,1771.60335175,4362.737724198304,3152.0530850692567,118.3388525,77.431624625,80.01765200819457,56.84158320228384,1.4591492828830752,1.4986856241098467,312.41842999999994,28.8318889125,101.86727637994537,61.28021289053282,12.385666666666667,12.336315,4.896107470997647,5.807503995339168,1.3197480764430225,1.1321120301975225,27.256,6.910975,11.063433789842202,10.423916381608928,43.52576666666667,36.94670800000001,4.099829632913547,6.241651267320513,1.1944678967715563,1.1374346670275637,116.9733,18.089232750000004,43.75785131031408,33.274230990167695,4.5,4.2775,4.22276755911208,4.070820733081744,1.728924716554736,1.530015600893094,4,1.26,1.6072751268321592,1.345545892937138
Mg0.988Fe0.012B2,33.45,3.0,30.320333333333338,15.43516,24.48209596832957,14.20978830884835,0.9052947192922076,0.7574263086240713,45.034,7.781066666666667,18.87067328481477,6.833523891404785,766.9271033333333,779.7619239733333,766.4927493999649,779.1912441102601,1.0980444545932022,0.6444804331083922,62.90822000000003,530.7053221199999,25.878772718104106,29.556310641847368,129.33333333333334,106.37733333333333,125.31525756623977,103.18008046179632,1.069412720496315,0.7203986325350458,69,57.376,30.26916289265731,27.41241117126004,3984.0,2163.8773333333334,3175.56017412698,2131.9895821209925,0.8745961806931204,0.6492330042630303,6136.0,1528.504,2761.602916182316,459.1657082356603,14.247618333333335,18.07344155333333,0.0034894347310123,0.0046330303441871,0.6578533554101541,0.0231772110824858,27.0158,18.010533333333335,11.078655515540031,12.684992624388975,24.162333333333333,36.31366533333333,18.04595456641432,27.801251409742328,0.8212829475548975,0.2823479896100453,41.723,33.41142666666667,18.53969230836609,19.641104331036605,87.8,69.6976,69.7024650105587,48.32062778405324,0.9059400294104248,0.5992669211797378,129.0,51.0544,52.92334078646208,60.57026658551207,2.6666666666666665,2.6706666666666665,2.6207413942088964,2.6249953196840363,1.082195529738767,0.5860967186297663,1,1.988,0.4714045207910317,0.4699711575074463
K0.8Fe1.76Se2,31.15,3.0,57.967666666666666,63.04508771929824,55.6564274404991,61.06552742425808,1.0588061849918151,0.9373690903447224,39.862,27.772280701754383,16.342664946561058,15.22189599883414,707.3958583333333,780.4350033333333,669.781738587374,752.7065125794913,1.0486554269543291,0.9271614260909152,522.0803350000001,339.2040201754386,216.6611488398396,185.3652368427121,173.0,155.4736842105263,165.69295348528598,150.2858731157376,1.055197761485298,1.0888408519954362,123,17.578947368421055,51.63332257370234,43.54352743133513,4518.333333333333,5303.912280701754,3198.059460568098,4306.534986046888,0.8584182745488953,0.7871608618446588,7012.0,2887.859649122807,2870.5210134902145,2472.664819197054,86.35407500000001,100.07525763157894,52.92453071312431,57.77661898351118,0.6971735573886867,0.5134175035976913,179.26913,79.45455114035087,77.9667259947913,84.66006377292445,7.612999999999999,8.67578947368421,5.998676253340977,7.359178579194225,0.8970454965315625,0.8101141657786863,11.475,4.920526315789473,4.729505048099643,4.3531918910024165,61.13966666666667,49.24166666666666,16.23238833564017,9.187428222973091,0.7033171600382442,0.6837053752987392,101.981,30.803947368421053,43.80450068454408,43.74376648658353,3.333333333333333,3.9649122807017534,2.6207413942088964,3.353099734692155,0.8979457245567799,0.7694803174761669,5,2.4561403508771926,2.0548046676563256,1.9282290054784683
Pr1Fe0.85Co0.15As1O1,7.485,5.0,69.3214,72.0343,56.10429884467304,55.53056230224438,1.434380101034247,1.264568780338306,124.909,33.0170125,40.71564459320274,45.11209992241549,862.3636329999999,887.7789880625,824.4594269501403,841.216900535302,1.5645910508016263,1.4246097124636483,785.870325,299.9682468125,262.0000343781051,287.3589920160022,144.4,142.35000000000002,127.3182520783388,121.68285747943582,1.5034106790430712,1.366179064613095,199,56.05,64.27627867261762,71.7131612746224,5855.0858,5132.33225,1311.7926128767983,816.5424580935735,1.3734952664052975,1.2657832399195894,8898.571,1692.89275,3113.576317202865,3077.747445148836,69.44990299999999,72.670089875,55.69119526676832,56.7372625423335,1.4277892471237923,1.256582417533319,125.23753,32.8495243125,41.3885068221228,44.89789486891457,13.0088,12.300625,7.170643490874566,5.883943042208291,1.310614830761304,1.1316663384263883,27.256,6.814,9.186631034280197,10.139186597522258,48.62534000000001,36.516675000000006,10.613929730403768,6.107987762114862,1.2106644408473386,1.168124592882564,99.9733,17.078325,38.257893988854114,32.92778652091384,4.0,4.25,3.816778909618177,4.053600464421103,1.5614694242764,1.4143137643721266,3,1.3875,1.2649110640673518,1.299038105676658
Sr1Fe2As1.4P0.6,28.93333333,4.0,62.34025,64.55704,58.04950891443128,61.81938276615478,1.322971773391517,1.2508107515306803,56.646,18.62112,21.35062121315209,17.38273341791791,817.6862537500001,801.4468634,795.981332324371,784.9839809727532,1.3609682814851478,1.29196848977225,462.35612,195.0733730000001,179.8641422193308,156.6847601357559,148.0,151.28,141.2815456620052,146.36557411313848,1.3395425220672328,1.2559612762729375,121,50.64000000000001,45.95106092355213,39.47811545654124,4513.5,5497.92,3834.5663133890976,4852.698680093104,1.2382723978597463,1.03133279036616,6051.0,2930.84,2426.5152482521103,2353.421694809496,42.74285499999999,37.85685459999999,25.339804697408056,23.192971589999445,1.0387267930249793,1.0418519926615202,73.90750999999999,21.064605199999995,32.87867064533802,31.946588612040244,12.39925,14.84484,6.57365500204627,10.286731728824511,1.0230015608541612,0.9652459543640436,27.043,7.67716,9.983449388237515,9.04716216580647,41.559,53.32432,13.55091926237805,29.70636774755892,1.051588362326766,0.9285200001385144,80.164,32.13168,28.84793654665789,26.427841002579083,3.75,3.6,3.499635511580583,3.393458190271589,1.3229495106045284,1.276257363836179,3,1.0,1.299038105676658,1.2
Y1Ba1.6La0.4Cu3O7.14,69.075,5.0,88.93660000000001,50.91796499238965,70.35859978212198,34.65737616285358,1.4458230554638107,1.5000551214616582,122.906,12.49324200913242,46.48235968450828,44.19985369742715,740.0399500000001,1007.4202981126332,692.2621577125386,941.596386422172,1.5370168509090454,0.9218306181327238,811.05291,697.5830254337899,298.68446780105216,342.14579002894646,173.4,109.12633181126331,149.4180986354567,86.2921752112264,1.496916412244376,1.508831048101478,205,23.92694063926941,75.33817093611975,76.5071450832996,4617.8858,3001.2635509893457,1043.1537920704825,64.77943634770484,1.3245483045505375,0.9608110837929964,8958.571,2044.885611872146,2958.0214919041005,3673.358833180184,69.797249,109.12894070776254,50.03143747771192,87.77299884701469,1.3359336582371184,0.7947690698648171,127.070745,75.21673949010653,50.67241554767637,47.78069187768354,7.640800000000001,5.143238964992389,4.930350310518901,1.8682298826379176,1.387701057487406,1.1812795425323046,12.606,2.7907153729071537,4.41490685745464,5.454551339830529,90.02534,95.52744581430744,8.551989017521207,1.0514115767307115,0.4641456979495293,0.2123104066245258,400.9733,91.53800319634702,155.6244463458823,166.30199015047427,3.2,4.280060882800608,2.9301560515835217,3.7935803713859,1.5154125173887332,0.8475981413564028,4,3.168949771689497,1.469693845669907,1.897875443417875
Mg0.8Al0.1Li0.1B2,31.95,4.0,17.25975,14.819433333333333,14.894105260098868,13.630526070139448,1.256008848455599,0.9472688283055416,20.041,6.975966666666666,8.547231580313008,6.457957095363484,659.0407925,767.0750469999999,649.0578117309063,763.8137163202011,1.3712085784694512,0.7794844040093539,280.38541,516.4134493333332,114.17338554495008,64.8727208787533,129.25,106.16666666666666,125.56581890109432,102.9273800640505,1.3586692738483157,0.9748218959076946,80,54.06666666666667,29.93639089803579,27.84011893333472,1827.5,2131.2,1555.830238361467,2067.489364974829,1.2651952932095525,0.7337099570457806,2164.0,1542.2,821.8240383439754,407.47633060093193,32.298353750000004,21.41645383333333,0.0511671379039084,0.0251897260235888,1.04988017836765,0.5460641173179837,59.62773,18.010533333333335,21.92645507295678,14.379491237415396,18.097,36.18423333333334,10.8136994180586,27.01254081359912,0.919648297768552,0.3073014990988686,47.2,33.36666666666667,18.74579562195214,19.849802262127337,126.25,70.33333333333334,95.97627905131688,48.14464381648854,1.1744183441946712,1.0343644172189022,210.0,38.766666666666666,78.5855425635021,64.35802634913189,2.25,2.6666666666666665,2.0597671439071177,2.5957301633947094,1.310783677699714,0.7155525073342958,2,1.9666666666666663,0.82915619758885,0.5374838498865699
Tm1Ba2Cu4O8,79.42,4.0,96.4515,55.05093333333333,69.68888463421531,36.0209338204255,1.158344510748737,1.3424127389793707,152.935,9.777466666666667,60.1662197437233,50.98833054267308,789.729725,1006.377144,736.2838619069198,942.8878752591684,1.3129619414670168,0.880558015709601,811.05291,660.9865733333334,314.7648449032835,337.0414793382483,162.75,108.26666666666664,136.29539281815374,86.183524945854,1.2462217128853763,1.340251657237252,205,19.333333333333336,80.67023924595736,75.4740279095325,5448.10725,3479.4954666666667,804.5026254313098,74.81197280647847,1.023413871457109,0.8374383186074722,9319.571,2388.5712000000003,3897.282790997811,4091.000910926483,80.564975,112.02551733333334,57.92582377179178,92.13630064223476,1.1494045228433574,0.7948266924612558,127.070745,73.3286,51.544622310348615,44.89337550619764,9.363500000000002,5.788799999999999,5.133976668154988,2.0176872925331377,1.0949413833665147,1.0512725891607009,16.396,3.2432,6.206430274320336,6.137906301011771,109.081675,110.52757333333334,7.596088927793514,1.274909416390812,0.3376226065821686,0.1644064246536196,400.9733,106.91909333333334,168.69345232526624,175.2943369875915,3.25,4.2,2.9129506302439405,3.691765288866927,1.2711814798605796,0.78925861222167,4,3.0,1.6393596310755,1.9390719429665315
Ca3Rh4Sn13,7.4775,3.0,87.23133333333334,103.7544,78.81544786330323,98.02588995336426,1.0129692343171557,0.70614748794477,78.63199999999999,71.1498,33.960950490559334,27.45418047292616,672.6934200000001,692.9890397500001,670.0116562539185,691.497025485902,1.0947103161751297,0.8607351673937498,129.86880999999994,372.1088752500001,58.7802478887612,43.55936343656102,170.66666666666666,157.95,169.46185072065316,156.9165248867599,1.091624778338366,0.9523596687689722,49,65.15,20.07209228976613,18.68816470389749,7090.0,7466.0,5200.04320723468,6439.474178155744,0.8722820797622548,0.7617474304181031,10860.0,4519.0,4436.304768610921,3186.581867769915,72.91049833333334,91.9405565,27.34255242814603,58.05917783738334,0.7338873140691093,0.5681845600095327,107.966715,69.47884850000001,50.337087459308826,37.90492645924021,12.356333333333334,10.14985,10.88754487325761,9.050804325629144,0.969433242122164,0.9843800340700724,14.471,3.2878500000000006,6.494908792448299,5.699537843325545,139.26666666666668,103.57,126.28582128978977,92.64081371221243,1.0129029292088745,1.0825982923532949,134.2,13.420000000000002,55.3101156108798,52.28633760362261,3.0,3.5,2.8844991406148166,3.403437225198552,1.0608569468580211,0.7337222420485224,2,2.3000000000000003,0.816496580927726,0.7416198487095662
Nb3Ga0.95Ge0.05,15.35,3.0,78.423,87.1467125,77.779513264818,86.51657834965897,1.0901878132524143,0.5419557385662962,23.183000000000007,68.7715,10.310033591927173,9.980441903034343,664.3957099999999,636.1026898124999,660.1702273128069,635.1637503652794,1.092214148737893,0.5960547166407572,183.41798500000004,479.5786925,75.37971543319011,34.22411573789847,147.33333333333334,179.0,143.37109995733132,175.42393571130762,1.0703641646002489,0.4903309718692042,76,146.975,35.8267435801184,32.90896534380867,6601.0,7897.6625,6460.134939686902,7799.461147040708,1.0764821018028088,0.5149040517370668,3247.0,6360.9625,1412.766317076772,1166.2782252077543,78.02420333333333,72.9824600625,66.69681027174147,66.7654425137462,0.9703325828061344,0.4095970651685472,90.02050500000001,63.1337536875,37.19838443322961,24.844745553063863,22.976666666666663,21.589375,17.599657190292547,18.336099655856465,0.9055934485585684,0.3330793272388415,31.35,19.33825,13.025488687782715,9.005407034630638,51.5,50.67,50.81972026650508,50.321155308491264,1.0857466054554872,0.5607547576016184,19.6,39.52250000000001,8.15148248275531,5.666092127736718,4.0,4.5125,3.914867641168864,4.416411693827436,1.077556326766801,0.4951554037173428,2,3.7,0.816496580927726,0.8513775601928911
La1.77Sr0.23Cu1O4,21.15,4.0,76.51750000000001,56.22235,59.30967525776223,35.58500203219715,1.197271366179244,1.0358727622882635,122.906,32.24417857142856,44.28942965595741,51.89619959880423,786.73869,1011.4266175571428,733.5849329709531,939.5747407546122,1.3125461548549562,0.7999097123064262,775.835885,732.7642918214285,315.33805240777724,355.0493031553509,155.25,110.05571428571427,132.05381131325618,85.88013425565703,1.258826828762722,1.1631229492994322,178,49.95,72.997859557661,77.68960977728578,4434.35725,2921.290857142857,674.4847514452675,52.91123989763543,0.9959827791684114,0.8037468261069688,8958.571,1553.2434285714285,3402.8561958864334,3565.58315374676,77.5256975,109.19262584285714,43.338499264246416,92.34170193041604,1.069833191761196,0.7599939653732637,136.333305,80.3990208,55.01551094797658,44.50768375354887,6.781,3.929842857142857,4.041973820125345,1.5376503346804424,1.1113815366420898,1.0698904894260273,12.606,1.6201571428571429,4.47818858468466,4.531182703179363,112.481675,61.87768571428571,8.457619954892204,0.6448372750677762,0.4084234280800667,0.3079755439859954,400.9733,57.27045714285714,167.05381009548054,138.6722117729785,3.25,4.538571428571428,2.9129506302439405,4.151419732652606,1.2711814798605796,0.746280846008621,4,3.3628571428571425,1.6393596310755,1.71795500166771
La1.85Sr0.15Cu0.996Zn0.004O4,33.825,5.0,74.29,56.80951228571429,60.47688589160383,35.773470975544484,1.4518296606872134,0.9861620508906788,122.906,36.67324714285714,39.86339032746714,52.53334311844369,810.66697,1011.3884646314286,765.2835773553157,939.4548736619244,1.5504866692120027,0.7892164342640371,775.835885,750.3007713771428,286.0781714358816,355.1726056742538,148.6,110.13228571428571,129.97885842494986,85.90866376933093,1.498696436642931,1.114766833778241,178,59.65885714285714,66.63212438456394,77.80461563927625,4974.0858,2960.4297142857145,1081.0160782349046,53.420055995220565,1.3095959003345536,0.7788934213723302,8958.571,1623.4834285714285,3229.3609062237933,3580.3663314483706,62.02055800000001,109.58986837142857,0.2039384408511865,93.28703857372513,1.0698331917685977,0.7633704398359134,140.964585,80.55119142857143,58.163584479907925,43.694022136359024,6.889200000000001,3.912512571428572,4.551984157772433,1.5339666462896906,1.392475973938103,1.033228470947417,12.606,1.852644571428572,4.011255085381632,4.517659529713742,113.18534,61.46454285714286,14.278748058350043,0.6373199583438477,0.8319278214382084,0.29797936217575,400.9733,57.041314285714286,149.42409762706416,138.50813753871088,3.0,4.55,2.701920077041227,4.170701582828764,1.494365082953388,0.7370870744140966,4,3.427428571428571,1.5491933384829668,1.7043012812125846
La1.81Sr0.15Ho0.04Cu1O4,31.65,5.0,94.20000000000002,56.95717857142856,72.77133944110159,35.80801121827288,1.4255747498803473,1.0574520716831015,148.931,34.97440714285714,53.10297626687228,52.80153525301376,745.597486,1011.5418482142856,700.1650570141874,939.7621011527544,1.5407121539977129,0.801711524701395,775.835885,747.4985161714286,293.80412608291005,354.9083867435607,169.4,110.13571428571429,147.03558034256446,85.91102060615586,1.503015864392696,1.1671864942398598,178,57.14571428571429,71.16066329089408,77.80527072802475,5306.4858,2976.6108571428567,1127.2620263437475,53.53654260893393,1.301055869423142,0.8442207464449484,8958.571,1588.3634285714284,3507.9876087019693,3600.822143505937,71.669058,109.6744995,44.27770024486758,94.81466293285482,1.320892496015494,0.7762421790225156,136.333305,80.45194971428572,50.58227022213797,43.59211657363111,8.8248,3.9775,5.387218386472092,1.543343220122129,1.3497797219369558,1.116462925789853,16.556,1.7671428571428571,5.722919898093979,4.625467316159217,93.22534,61.64282857142857,9.63166870096143,0.6384366412254397,0.545128188752142,0.2966532601061146,400.9733,57.27045714285714,154.30102437917384,138.7343189345089,3.2,4.55,2.9301560515835217,4.170701582828764,1.5154125173887332,0.7536216100533458,4,3.411428571428571,1.469693845669907,1.7043012812125846
Nd1Fe1As1F0.1O0.9,50.525,5.0,62.0012,72.826975,44.94663911614705,55.9834855057012,1.3320640717988026,1.1954090220829383,128.243,35.58555,46.762961135496965,46.338739526711066,1047.499051,898.2874106250001,968.0526469792698,848.502793991297,1.5339938653756744,1.4725143331783586,1147.9785299999996,253.60841037500003,407.0329004202856,304.5350310980067,114.2,132.1,94.93052038629618,116.00994094068211,1.4492534892377376,1.3062892496976188,164,50.45,62.91708829880798,57.8389142360055,4122.22506,5152.3639325,238.1430548614244,823.2533294658185,1.0916790780032013,1.0909489367356169,7872.571,1968.4575925,3433.15486667918,3070.384330742359,122.323683,75.547755,77.28008186736845,54.98468849327567,1.2303489037892288,1.4024025544092706,312.41842999999994,27.785267875,110.88559603174085,60.342825157833694,9.9208,12.27515,3.6163042445989375,5.921658218712241,1.049631490696167,1.0063867436018823,27.256,6.91225,10.17183929090506,10.080574169039185,29.430920000000004,36.78170500000001,2.1832920578780595,6.500788944667688,0.9456792120311516,0.9441107734863072,80.3733,20.0993025,31.38648190246241,31.00352975313416,4.8,4.275,4.5216022974376,4.069252235873647,1.552604198475667,1.465058276885732,4,1.175,1.6,1.3414078425296312
Y1Ba2Cu2.9Fe0.1O6.8,50.55,5.0,72.3246,51.7360234375,58.63682832319015,35.32802948001613,1.4446101612197269,1.3275509488964978,121.328,21.0210546875,40.05363674174918,44.3035711114354,784.905475,998.310696484375,742.228912808722,931.4912069476997,1.5505337987376322,0.9249990228632484,811.05291,692.070321640625,281.3245559630194,344.3823876284512,159.4,111.8125,138.7415165943975,88.09282200583746,1.4986728836669445,1.3868532988357742,205,38.3125,70.61897761933402,78.33738630915637,4963.4858,2990.08728125,1096.1472838377945,70.3711051174947,1.3180416646860984,0.9068523108594978,8958.571,2029.24084375,3206.8490955463685,3635.928188453571,63.873070000000006,106.49230359375,40.48190396666456,82.21869213480159,1.2340226486749897,0.7658709482430728,127.070745,74.76456816406251,54.7518157884613,50.33325372559355,9.1628,5.30275,5.786796040275213,1.950187585535143,1.3994876057382848,1.1705660920720595,13.366,2.84875,4.936754334580566,5.487806568885241,103.40534,95.71262187499998,12.219448083046265,1.1558387816053983,0.7189459656522047,0.2489508327272714,400.9733,90.837378125,151.2853191888175,165.52064736774105,3.2,4.2109375,2.9301560515835217,3.712218278398325,1.5154125173887332,0.8333340523217676,4,3.1640625,1.469693845669907,1.9229386030484048
La1Fe1As1F0.11O0.89,26.34666667,5.0,60.933800000000005,71.5002225,44.60899628308174,55.48211489638912,1.3418193196965869,1.205920456423902,122.906,34.203805,44.89726322795188,44.28587535866254,1048.502495,900.4595291874999,969.8680421024496,851.0163251188004,1.534708497274529,1.4816080237172955,1142.9613099999997,246.1209331625,405.7677013402969,304.8391687507977,118.2,137.085,96.70615256938002,118.68901633336954,1.4337044853693526,1.2935754227007892,184,55.345,68.97071842456045,64.51436099815297,3950.02506,4937.114600749999,231.97971368055912,797.0485599850097,1.0903633704874318,1.0896077442975531,7872.571,1968.45335175,3303.278251868428,2961.0522120598816,121.74477299999998,75.29206975,76.32962771736702,54.25516935044276,1.223987667778601,1.4088165755702653,312.41842999999994,27.4328564125,111.27770949191884,61.90007770449347,9.7328,12.040315,3.5156340060781823,5.718303145627836,1.0313176111537652,0.9875028895729142,27.256,6.910975,10.230018150521532,10.207514644161671,28.830920000000003,36.03170800000001,2.097402589244163,6.183384526577006,0.918018020520078,0.9164202859959568,80.3733,20.09923275,31.65546319695228,31.517117549468832,4.8,4.2775,4.5216022974376,4.070820733081744,1.552604198475667,1.473016833010958,4,1.1425,1.6,1.345545892937138
C1Mo1,10.152,2.0,53.9855,53.9855,33.94960323774049,33.94960323774049,0.3491059173076742,0.3491059173076742,83.949,41.9745,41.9745,41.9745,885.34636,885.34636,862.2106042604568,862.2106042604568,0.6671303273551044,0.6671303273551044,402.14948,201.07474,201.07474,201.07474,128.5,128.5,112.82730166054668,112.82730166054668,0.5737882278481883,0.5737882278481883,123,61.5,61.5,61.5,6243.5,6243.5,4813.391735564437,4813.391735564437,0.4737339139641388,0.4737339139641388,7953.0,3976.5,3976.5,3976.5,96.9191825,96.9191825,93.65498317913767,93.65498317913767,0.6596592201248022,0.6596592201248022,49.88274499999999,24.9413725,24.9413725,24.9413725,68.5,68.5,57.96550698475773,57.96550698475773,0.5435620522257074,0.5435620522257074,73.0,36.5,36.5,36.5,133.5,133.5,133.42413574762253,133.42413574762253,0.6925789626408864,0.6925789626408864,9.0,4.5,4.5,4.5,5.0,5.0,4.898979485566356,4.898979485566356,0.6730116668092565,0.6730116668092565,2,1.0,1.0,1.0
Tm1Ba2Cu3O6.95,89.465,4.0,96.4515,57.5613166023166,69.68888463421531,36.821006965178455,1.158344510748737,1.3368441143315386,152.935,12.62246718146718,60.1662197437233,53.62681302962572,789.729725,1001.5895508494208,736.2838619069198,934.663260191952,1.3129619414670168,0.8900520060452709,811.05291,659.0864272972974,314.7648449032835,344.42622241982315,162.75,111.62934362934362,136.29539281815374,87.65332202969765,1.2462217128853763,1.345686526023529,205,21.93050193050193,80.67023924595736,79.13402972291338,5448.10725,3338.2958725868725,804.5026254313098,71.26153841971137,1.023413871457109,0.9233636846774884,9319.571,2074.908760617761,3897.282790997811,4008.1809663167614,80.564975,109.12826028957532,57.92582377179178,87.2632945159096,1.1494045228433574,0.7942301162711412,127.070745,73.50704137065638,51.544622310348615,47.478745135652325,9.363500000000002,5.661451737451738,5.133976668154988,1.9749477847821844,1.0949413833665147,1.1245163897390602,16.396,2.784880308880309,6.206430274320336,6.101953177443847,109.081675,97.0568003861004,7.596088927793514,1.1187730270808698,0.3376226065821686,0.2045617849350847,400.9733,92.88142355212356,168.69345232526624,167.04944440956734,3.25,4.223938223938224,2.9129506302439405,3.721251221474844,1.2711814798605796,0.7997893361392603,4,2.9884169884169887,1.6393596310755,1.928261247912005
Yb0.7Ca0.3Ba1.6Sr0.4Cu3O6.56,81.35,6.0,86.27066666666667,54.42068789808918,66.28846873203436,36.03964693837204,1.582044636299477,1.5387039477356534,157.055,16.536608280254782,54.35714746521893,49.90890043210813,717.4946216666667,993.587934339172,677.0533243310821,927.7706035079387,1.7271731132985122,0.9865351555949928,811.05291,672.1699735111465,276.9246500184868,342.98667317153456,177.33333333333334,111.8535031847134,156.44502532417596,88.61239344353129,1.6987468409020618,1.5967242432896214,205,27.59554140127389,69.39660574472565,77.0235976155264,3936.0715,3096.9645095541405,1041.460142292012,75.14842088098408,1.4349293145114603,0.9476598572569028,8958.571,2139.3810318471337,3095.059878886769,3759.669114868605,54.77131833333334,106.73391939490446,21.19110987343556,76.6807225619169,1.2340929329434829,0.7814893154111355,139.227855,73.58333269108279,55.70058984901885,50.32756850071801,7.374,5.123458598726116,5.212245002202733,1.950568529027339,1.6210356791833145,1.2263753116625462,12.606,2.9130573248407647,3.691225632045089,5.268645025765316,115.72111666666666,106.21219363057324,19.43967131658639,1.424875510051474,1.0846399358929004,0.4456110188876648,400.9733,95.76630955414014,143.7171467718265,168.09964958745013,2.833333333333333,4.144904458598727,2.5697965868506505,3.631124062121448,1.6807679831119675,0.8770004245804887,4,3.085987261146497,1.4624940645653537,1.9523845025119697
Mg0.4Al0.6B2,8.925,3.0,20.69933333333333,15.844399999999998,19.21078936461552,14.461660300151577,1.0336691205723754,1.0497572779465034,16.171,3.9666666666666655,7.077001923288012,7.158459152638924,705.30535,747.6301033333332,698.727677798481,741.8691923884512,1.0895182406080228,0.7959644419610123,223.07332,435.3917786666666,93.91012813524355,87.58277916206788,116.66666666666669,100.93333333333334,114.17992517149489,98.98551269236378,1.0776440551523725,0.974699555858547,58,38.66666666666667,23.697163449568293,21.132807564437705,2258.6666666666665,2331.333333333333,2222.128613338355,2313.9764265022254,1.082837860844939,0.8370110136223272,960.0,1328.2666666666669,396.1155835807972,271.80548600464675,23.18856166666667,26.52051033333333,0.0048622663017434,0.8848267284788831,0.6680040761483956,0.6275331364523712,42.549885,18.010533333333335,17.58046251426866,12.05529098731638,23.12933333333333,36.739133333333335,16.580284305141284,29.07596292277562,0.7794468533264804,0.3577994369116643,41.723,32.336400000000005,19.16356672322654,19.047024001548262,140.0,86.2,99.94143237169236,52.675515173128375,0.8671704586867692,0.9989856366959688,210.0,29.4,86.47543003651384,86.7995391692836,2.6666666666666665,2.8666666666666667,2.6207413942088964,2.842120061628848,1.082195529738767,0.7994298807337903,1,1.7333333333333334,0.4714045207910317,0.339934634239519
Lu1Ba2Cu3O7,88.24,4.0,97.95975,57.86553846153846,70.30290706942995,36.80235240178563,1.1530729056626572,1.3385256806277406,158.96800000000002,12.512384615384615,62.011627245924615,54.56643957544627,771.4458175,997.1650530769232,712.6033484280691,926.5218148074588,1.3033403300559332,0.8745907213714266,811.05291,667.2308846153845,327.32221267976007,351.4204526076144,161.5,111.0,135.52139564230612,87.29743598371856,1.247482493054998,1.3440142982775014,205,22.23076923076924,79.77624959848639,78.55130611458789,5578.10725,3365.4617692307693,815.49564606351,70.4918161122723,1.018993455537725,0.9303826219330306,9839.571,2066.922846153846,4030.690420760157,4067.582605962627,80.564975,109.2507076923077,57.92582377179178,87.42440314438662,1.1494045228433574,0.7921013452019103,127.070745,73.76649346153846,51.544622310348615,47.42830801758171,9.816,5.780615384615385,5.266693899713525,1.9791247290854104,1.080018705426619,1.13251657470941,18.206,2.7724615384615388,6.774974391095511,6.367568471299417,108.956675,96.64514615384616,7.539270512197372,1.100270177393041,0.3342636764790145,0.2029316086526136,400.9733,92.52408461538462,168.76188299247812,166.8544712325805,3.25,4.230769230769231,2.9129506302439405,3.728094582670636,1.2711814798605796,0.7969023649460402,4,3.0,1.6393596310755,1.9276867824833337
Na2Cs1C60,11.32857143,3.0,55.96866666666667,14.27849206349206,33.231745457480606,12.737995751246322,0.6459638389676505,0.6121583808494057,120.894,10.709206349206347,54.58653161316952,15.18798624108742,652.6567016666667,1056.3912923809523,587.1252881170105,1041.9907758328875,0.991411722340464,0.1122360255223122,710.7085099999999,1028.72307,310.61347714833266,134.8646821950124,185.0,74.57142857142857,155.9605971051108,70.91425062292355,0.9561161527467992,0.5116975278186234,231,59.07936507936508,94.3716058992322,35.63648669093896,1703.6666666666667,2219.6031746031745,1603.5020117755123,2200.115673825672,1.0439850673140587,0.1440699410392337,1296.0,2129.31746031746,542.469251560758,231.38441453889928,73.42508500000001,118.45907587301583,66.45103817871721,116.83318501308209,0.9959151477748832,0.1114968049611878,76.31963499999999,115.33479968253968,34.37963325900549,15.230568229038504,36.56333333333333,100.11568253968254,8.294624089296999,87.73918939846918,0.2059962081061462,0.0096623585630363,102.908,99.96679365079363,48.392471985722,21.84339374819997,101.96666666666664,127.9031746031746,86.75631371410911,126.76479412190308,0.9725573237100108,0.1801090974682339,105.1,122.28730158730156,46.97235593646781,11.872216041304943,2.0,3.8571428571428568,1.5874010519681994,3.7444709698144174,0.8675632281814611,0.0743798135623681,3,3.7936507936507935,1.4142135623730951,0.6388765649999399
Y1Ba1.9La0.1Cu3O6.99,90.675,5.0,88.93660000000001,51.2847428791378,70.35859978212198,34.958884130910874,1.4458230554638107,1.3742233738698966,122.906,19.016997690531174,46.48235968450828,44.22234825692233,740.0399500000001,1003.0675673749035,692.2621577125386,936.5153263198148,1.5370168509090454,0.9049845401982828,811.05291,702.8930021709006,298.68446780105216,343.6622880843787,173.4,110.4557351809084,149.4180986354567,87.10534243036943,1.496916412244376,1.4068568328259752,205,35.26558891454965,75.33817093611975,77.70850273331621,4617.8858,2975.0260746728254,1043.1537920704825,66.82602691226873,1.3245483045505375,0.8732685803904667,8958.571,2068.515110854504,2958.0214919041005,3649.981131807505,69.797249,108.03490070438798,50.03143747771192,84.94161679048062,1.3359336582371184,0.771363736267556,127.070745,75.50482326020015,50.67241554767637,49.11180827538428,7.640800000000001,5.218749807544264,4.930350310518901,1.9055665667308703,1.387701057487406,1.1224927293994762,12.606,2.96612779060816,4.41490685745464,5.468038210684745,90.02534,96.74338976135488,8.551989017521207,1.1048406769434314,0.4641456979495293,0.2088376876395832,400.9733,92.5953323325635,155.6244463458823,166.88590087567442,3.2,4.237105465742879,2.9301560515835217,3.738379770692777,1.5154125173887332,0.8202674503556869,4,3.2055427251732103,1.469693845669907,1.9208694457656543
Bi2Sr2Ca1Cu2O8.19,89.26666667,5.0,83.2446,58.68346346280448,59.50576109199983,35.7595153540636,1.311509099928557,1.37394240697869,192.981,24.87702435813035,67.23376511128913,63.97419467018168,780.389977,1010.3575091310072,740.8949298577522,949.8845352307616,1.553232538357343,1.0084721176582103,764.450655,669.6047566622779,276.2148974305308,333.0981503178354,146.4,103.16787360105332,130.1387460715622,84.42566759221504,1.5155407646627377,1.5682233763533435,171,16.063199473337725,59.27765177535291,65.12120765763255,4589.6858,2920.059480579329,874.6469218868898,61.63656317519917,1.1614086463107487,1.099211971277116,9805.571,1290.4737649769586,4011.288379771088,3971.862209626158,71.55327600000001,104.43494477616854,26.19414405934706,62.1776098509816,1.1637865816204207,0.8023456792117093,139.227855,75.88961297893351,58.01047309181226,52.6939156415957,8.152800000000001,4.985935483870968,5.29302227837702,1.868188382852,1.4072455447973358,1.4394089910690808,12.606,1.478843976300198,4.335559866960668,5.152859826429823,129.07934,71.755014680711,14.343748274238912,0.9303213664425724,0.8729185343178049,0.7785895343349754,400.9733,52.78349749835419,154.40939190263785,137.31804456254451,3.4,4.551678736010533,2.9925557394776896,4.08013659139439,1.4828233752680686,0.9545779026227652,4,3.1033574720210666,1.743559577416269,1.8167701736524235
Nb0.6Zr0.4,10.525,2.0,92.065,92.2332,92.06115871528009,92.22951011985457,0.6931054570339542,0.6711970976645654,1.6820000000000022,19.254,0.8410000000000011,0.8240083494722622,646.1118025000001,647.317865,646.0836607289734,647.2908320816887,0.6931036251012028,0.6711568776810444,12.06062499999996,135.25267299999996,6.03031249999998,5.908475445810853,202.0,201.2,201.9603921564821,201.162026622536,0.6929511083349825,0.6766916887962492,8,36.39999999999999,4.0,3.919183588453085,7540.5,7746.4,7469.890896124247,7677.990515288736,0.6837978676804015,0.6384880234007555,2059.0,2537.6,1029.5,1008.6998760781128,63.6318575,68.137707,59.51005205832078,64.08177255034889,0.6290893661386447,0.5525639538228119,45.05849500000001,35.255619,22.529247500000004,22.074064265549428,23.7,24.24,23.5457002444183,24.09073631135715,0.6866437251210344,0.6452750203454816,5.399999999999999,7.439999999999998,2.7,2.645448922205832,38.2,41.3,34.91403729161095,38.05352688081752,0.6084046597524645,0.5267240256750955,31.000000000000004,23.14,15.500000000000002,15.186836405255706,4.5,4.6,4.472135954999579,4.573050519273263,0.6869615763973234,0.646090504860809,1,1.4,0.5,0.4898979485566356
Tl1Ba2Ca0.7Gd0.3Cu2O7,81.25,6.0,103.09716666666668,61.02704615384615,75.12994582793024,37.09956328266095,1.553806055699238,1.572394267132368,188.384,18.969184615384616,67.68164654078846,61.69685260977026,722.4635991666668,990.3376260384616,683.0879610892927,918.4348460111976,1.72934786182932,0.9997624394993292,811.05291,693.8087911538461,274.03265607718737,356.10567451771584,168.66666666666666,112.2846153846154,149.04211205269698,88.24767016788554,1.6957124632559344,1.6161030616419172,205,33.54615384615385,68.63834367335959,78.43667064438131,5628.738166666666,3096.5617692307696,1366.8784951015034,64.87161249306573,1.4365036393224184,1.2910590521634555,11848.571,1377.6920769230771,4237.852108256037,4126.670965203404,57.215605,99.06486046153849,26.8813966786254,63.54434252308789,1.3268908590644497,0.7189817026103607,139.227855,75.81049107692309,53.73374304609907,56.41438816114674,7.224333333333334,4.352538461538463,4.947486111524586,1.712665221580598,1.5883447419466874,1.448602988070486,12.606,1.7757692307692312,4.06485644136283,4.768511316081534,112.85445,79.1513,16.384985102274882,1.0555142190455973,1.0171760886165495,0.7439829483475613,400.9733,61.67793076923077,145.6945259804883,144.45512350747018,3.0,4.253846153846154,2.749459273997205,3.763141652855308,1.6958654444774617,0.907084799609255,4,3.1615384615384614,1.4142135623730951,1.9067150102145607
Ba1Fe1.78Co0.22As2,16.23,4.0,81.75675,79.908072,76.28287188066778,75.37322826596377,1.3125958349549796,1.1922249380131058,81.482,27.375748,32.89038174280591,29.9136118691611,743.1757125,784.25670986,724.874908839471,764.9988170708374,1.362739174799401,1.1166809545630838,444.120455,345.34258546,158.07727532721103,163.1671233021773,170.0,160.424,163.4590299324649,154.0268251435364,1.3455183674350106,1.2241453347196567,134,48.84799999999999,50.02499375312305,49.09717124234349,6502.75,6187.544,6126.39407758987,5929.94988320078,1.3321690393405774,1.1481753061194633,5390.0,2411.544,2072.768363204147,1689.6528353670762,42.9840675,42.59928531999999,32.34474945431943,31.04629021994903,1.1478364875754914,0.8485384014919833,64.64495,28.636748,28.6603085401515,30.955876941574875,16.2075,18.13316,14.4932943968178,16.092203522201608,1.2818495963031755,0.98188048491569,20.58,10.3672,7.423076771123951,8.22713072792696,62.25,56.7824,52.20287204381002,50.06292321408334,1.2467534385015937,1.0884318064772094,81.6,24.9424,30.913225325093467,24.34600604288104,3.25,3.6,3.0800702882410227,3.393458190271589,1.3322449220385326,1.052393419445238,3,1.868,1.0897247358851685,1.2
Mg0.7Al0.15Li0.15B2,28.55,4.0,17.25975,14.574649999999998,14.894105260098868,13.372041013333082,1.256008848455599,1.024794339047845,20.041,6.860283333333332,8.547231580313008,6.491999239641052,659.0407925,760.7810088333333,649.0578117309063,756.2889467382182,1.3712085784694512,0.8244831050561439,280.38541,507.74266399999993,114.17338554495008,75.85607494483574,129.25,106.08333333333331,125.56581890109432,102.81629726669584,1.3586692738483157,1.0553538949811276,80,52.1,29.93639089803579,28.085756572010343,1827.5,2127.133333333333,1555.830238361467,2042.136080668652,1.2651952932095525,0.7732396264650354,2164.0,1533.3,821.8240383439754,456.8793227489679,32.298353750000004,23.11941408333333,0.0511671379039084,0.0618437603206089,1.04988017836765,0.6782120952083284,59.62773,18.010533333333335,21.92645507295678,14.84451426599541,18.097,36.130183333333335,10.8136994180586,26.65261859788197,0.919648297768552,0.3151685723972072,47.2,33.31666666666667,18.74579562195214,19.939659436653432,126.25,70.5,95.97627905131688,47.99322630204836,1.1744183441946712,1.1589391498800534,210.0,32.15,78.5855425635021,66.05944292832024,2.25,2.6666666666666665,2.0597671439071177,2.5833142020443334,1.310783677699714,0.7572263555789424,2,1.95,0.82915619758885,0.5676462121975466
Li1Ti2O4,11.87272727,3.0,23.60233333333333,23.810142857142857,17.45220734594227,19.42077448748912,0.8284408982166418,0.8183733145350112,40.926,12.684714285714286,17.551683249446157,15.51998040709893,830.9931433333333,1013.3681714285716,766.499795143277,944.9957029867048,1.0162314223540705,0.7264707921162697,793.68561,676.4976857142857,346.1427252067573,349.68605489051646,130.33333333333334,101.57142857142856,112.15624451627568,83.14100136026221,0.9801454156344922,1.041859135672773,128,26.42857142857143,58.3342857065113,61.9212798475547,1680.8096666666668,1364.8165714285713,150.94556173976102,33.281774196775444,0.3404259443273103,0.2205222524974759,4505.571,1286.897714285714,2010.2109039734005,1995.4302168648712,69.40487666666667,91.24724285714284,40.01428508261631,54.165550502391945,0.7432565687703878,0.4205893376668783,133.34226999999998,78.37338714285714,54.8740053206395,59.60981121372002,5.864666666666666,4.725142857142857,2.661257437787913,1.5683835835523008,0.5696835706155681,0.5081532159528112,13.706,3.789142857142857,5.950817609557717,6.02310692081685,35.64223333333334,18.41525714285714,3.676699200340898,0.5747498754601797,0.5092667632606397,0.6472526758698633,84.9733,12.1276,36.02547395906896,28.81064035113501,3.6666666666666665,4.7142857142857135,2.8844991406148166,4.136899759811511,0.9164648852394712,0.6810886441425595,5,3.2857142857142856,2.0548046676563256,1.749635530559413
Lu1Rh4B4,10.093625,3.0,96.228,69.98166666666665,57.95455427327902,40.098800198569855,0.7942007216629339,0.8177140643146457,164.156,40.93111111111111,67.18256146253034,57.11843280218548,681.280585,733.8649099999999,670.6630971670334,728.3822435827346,1.0835334100016376,0.9138694422787031,277.10492,297.6669455555555,116.34077388100664,83.58502226367786,159.0,139.66666666666666,148.3684967625738,130.70805457001208,1.0365077319104707,0.9873999386265846,130,52.77777777777777,53.98765290940759,48.898988855712666,8197.0,7649.0,6586.817392288008,5761.750137120159,0.9354543647295992,0.7851723459186097,10070.0,4475.555555555556,4272.257560899936,4809.888795203297,61.653915000000005,66.12438666666667,52.29048074497322,53.71392779263756,0.9413305270477595,0.7381240470499044,82.687645,43.39680888888889,35.06385791797754,39.488711995956656,30.116666666666664,33.93888888888888,27.20238634267972,30.849613487064417,0.993850141584151,0.8033227719791258,31.550000000000004,20.238888888888887,14.248645159764802,14.569179374773343,64.46666666666667,80.48888888888888,40.497942282284846,54.73889087373387,0.681211961272608,0.5255654546569142,133.6,64.84444444444443,60.635816331787126,62.252897200664826,3.0,3.0,3.0000000000000004,3.0000000000000004,1.0986122883681095,0.9649629227074276,0,1.0,0.0,0.0
Tl1Ba2Ca1Cu2O8,105.9816667,5.0,92.2666,55.29992857142856,64.8123188686149,33.927811322637595,1.3232851726405803,1.4666981877664638,188.384,16.75542857142857,69.23264611612068,58.80163352379189,748.279769,1013.3750632142855,702.5948695005159,942.1089014748652,1.5410211078729668,0.9109182035253256,811.05291,708.7236757142857,293.45157720973424,353.2182670258614,155.8,106.85714285714285,136.30117862814583,84.16051261422191,1.501955739924579,1.518450064030996,205,25.0,68.26536457091547,76.21947364857164,5174.2858,2739.388,962.3642483800212,47.7022031857572,1.1650654407700607,1.1613247854640536,11848.571,1279.1834285714283,4506.8954800756765,3990.783701522368,59.010226,101.06114571428571,23.91422078308768,62.64078152074045,1.071552967005973,0.6248119050797302,139.227855,80.42713928571429,58.69799130201301,56.78300301315394,6.659200000000001,4.041,4.293666297142858,1.549813648472517,1.3628113574680931,1.354747142056068,12.606,1.6105714285714283,4.232188010946584,4.66784684226648,133.30534,77.57954285714285,17.87615402403791,0.8645286504567725,0.9514641291700296,0.7866099770994481,400.9733,57.27045714285714,151.53494801550696,141.55895771328292,3.0,4.357142857142857,2.701920077041227,3.856991304162792,1.494365082953388,0.8061175581050799,4,3.2857142857142856,1.5491933384829668,1.912632548427984
La1.85Sr0.15Cu0.985Zn0.015O4,20.175,5.0,74.29,56.81239428571428,60.47688589160383,35.77507047298453,1.4518296606872134,0.9946708124692856,122.906,36.570507142857146,39.86339032746714,52.53376291107839,810.66697,1011.6413656,765.2835773553157,939.7435023096303,1.5504866692120027,0.7959396963281752,775.835885,748.8764598071429,286.0781714358816,355.04042207206965,148.6,110.12285714285714,129.97885842494986,85.90218280144062,1.498696436642931,1.1229901673225005,178,59.46714285714285,66.63212438456394,77.80281333772774,4974.0858,2957.558714285714,1081.0160782349046,53.40091656466156,1.3095959003345536,0.7975398687550312,8958.571,1623.4834285714285,3229.3609062237933,3576.284469830034,62.02055800000001,109.40261855357144,0.2039384408511865,89.29857649218722,1.0698331917685977,0.7614748429261704,140.964585,80.55119142857143,58.163584479907925,43.90741824995666,6.889200000000001,3.903511428571429,4.551984157772433,1.5325742285641275,1.392475973938103,1.0494674734884826,12.606,1.820631428571429,4.011255085381632,4.505133682003957,113.18534,61.016685714285714,14.278748058350043,0.6360789329562739,0.8319278214382084,0.3173815420778765,400.9733,56.41117142857142,149.42409762706416,137.8688366334718,3.0,4.55,2.701920077041227,4.170701582828764,1.494365082953388,0.7403401153200745,4,3.424285714285714,1.5491933384829668,1.7043012812125846
Ba1Fe1.906Co0.094As2,17.46428571,4.0,81.75675,79.8302544,76.28287188066778,75.27106926723103,1.3125958349549796,1.1467263977769266,81.482,28.8608596,32.89038174280591,29.972034961852035,743.1757125,784.307769722,724.874908839471,765.0501192551263,1.362739174799401,1.055751662639755,444.120455,364.504622242,158.07727532721103,163.15996616990066,170.0,160.5248,163.4590299324649,154.1276813761822,1.3455183674350106,1.1639629741331825,134,56.6096,50.02499375312305,49.08387703676229,6502.75,6161.6888,6126.39407758987,5911.674575859202,1.3321690393405774,1.0636145179361418,5390.0,2834.2488,2072.768363204147,1655.45264600186,42.9840675,41.388437164,32.34474945431943,29.97007044728236,1.1478364875754914,0.7730635737663902,64.64495,30.216516202,28.6603085401515,31.043451164924143,16.2075,18.072932,14.4932943968178,16.027604564037354,1.2818495963031755,0.9282626252210792,20.58,10.77544,7.423076771123951,8.24977928452489,62.25,56.28848000000001,52.20287204381002,49.78845585711141,1.2467534385015937,0.9905616111363592,81.6,28.76848,30.913225325093467,23.65317761506052,3.25,3.6,3.0800702882410227,3.393458190271589,1.3322449220385326,1.000083419978786,3,1.9436,1.0897247358851685,1.2
Sr1Fe2As1.22P0.78,27.35,4.0,62.34025,62.974912,58.04950891443128,59.88452789381376,1.322971773391517,1.2796443449525623,56.646,17.506056,21.35062121315209,18.340945083180856,817.6862537500001,803.7810285200001,795.981332324371,786.8576816918148,1.3609682814851478,1.317773711463622,462.35612,195.0733730000001,179.8641422193308,159.29689116934057,148.0,150.52400000000003,141.2815456620052,145.34610188882746,1.3395425220672328,1.2739702901215049,121,47.11200000000001,45.95106092355213,40.28192428372806,4513.5,5357.376,3834.5663133890976,4656.785852440878,1.2382723978597463,1.04654055399598,6051.0,2865.2120000000004,2426.5152482521103,2450.129219984938,42.74285499999999,37.62413278,25.339804697408056,23.12136443819756,1.0387267930249793,1.0948170443240113,73.90750999999999,18.23720876,32.87867064533802,31.6717483800373,12.39925,13.871292,6.57365500204627,8.99043065300236,1.0230015608541612,0.9925394819912794,27.043,6.656308,9.983449388237515,9.066464332623609,41.559,51.52561600000001,13.55091926237805,24.493398666940628,1.051588362326766,0.9136263702001756,80.164,32.123184,28.84793654665789,28.21888276308161,3.75,3.6000000000000005,3.499635511580583,3.393458190271589,1.3229495106045284,1.3084150220566877,3,0.82,1.299038105676658,1.2
Y1Ba2Cu3O6.556,58.95,4.0,76.4445,52.491832112137615,59.356326514095656,35.91300050727417,1.199538472117481,1.2862999575719558,121.328,14.793564829563554,43.82350271543798,44.45825167497109,790.52572625,992.0419873271742,737.2641697985066,925.1191653339524,1.3133158868600738,0.9126472555886244,811.05291,638.2841456578528,314.279248621623,344.9563871126066,160.25,112.82956355527236,134.7339050424837,88.9980976279039,1.2486435701184562,1.3400077783334672,205,23.41510035043008,78.93153678980285,78.50077322816774,4235.85725,3056.814950939789,669.5565878093886,75.98517056708938,1.015407122700988,0.8126746260469663,8958.571,2140.063035680153,3194.938945916289,3659.6072318303977,75.90957375,106.64617069608155,51.27602037761395,82.68467066543214,1.0914873152193318,0.7732176422166035,127.070745,71.39026276361899,54.980128706180565,49.95214813685275,8.001000000000001,5.3911169162153545,4.655853429547456,2.006180580407932,1.12718599714348,1.079817337815227,12.606,2.8862007008601465,4.869859648901598,5.48965447714716,109.156675,100.12544163746416,7.629577273429074,1.2596655716244916,0.3396185736618679,0.2054668273781433,400.9733,95.79682660082828,168.65251400784655,168.73797387502805,3.25,4.168206435170436,2.9129506302439405,3.665885910705128,1.2711814798605796,0.8233433804417909,4,2.893915259636827,1.6393596310755,1.9320395958040568
Ba0.6K0.4Fe2As2,35.66,4.0,76.798,71.91388,68.84557524832545,68.00495197579981,1.27635596460641,1.2019288163697346,98.229,26.840960000000003,37.17390693080296,26.58042111678444,657.7864875,777.6227872000001,624.4751798076293,753.9776018159026,1.3355338183832808,1.0513087026876162,528.1588899999999,345.2927992,209.57371012752083,175.85181322901244,192.75,159.8,183.8017273946484,153.7062716588595,1.3412620382852287,1.2997505288630666,134,42.96000000000001,56.88749862667544,47.62100376934531,4493.25,5930.56,3417.7024045507314,5271.406074147493,1.1906322118383743,0.9431485931960694,7012.0,3080.6400000000003,2603.09271588624,2070.187336064058,39.1246675,43.2407176,30.17955682184552,32.25337173262979,1.1547630811064116,0.8540012156428802,64.64495,29.7482552,26.5632247029174,30.109970298088804,12.74125,17.645200000000003,8.930177301564624,14.616046939514694,1.101425289269797,0.8505258884354674,25.365,10.8932,9.549802599399634,8.852618988751294,62.875,62.64800000000001,52.52612508641094,56.88790682958657,1.2433551832205147,1.0910536850647523,84.1,29.952000000000005,31.685751924169324,23.45283130029293,2.75,3.5200000000000005,2.340347319320716,3.210407069750038,1.2406842915533958,0.9571785993309316,4,1.92,1.479019945774904,1.3302631318652711
Ho1Ba2Cu3O7,92.475,4.0,95.4505,57.09346153846154,69.27222896801881,36.63548992596623,1.1617609977359624,1.3365987231980938,148.931,12.512384615384615,58.97346891823475,52.95117457637509,785.8220825000001,1001.5885192307692,731.413714090523,933.9793228911208,1.311149864664436,0.8846773925735363,811.05291,662.8074184615384,317.2248196483603,345.7468738071556,163.75,111.69230769230772,136.9052308315913,87.57075235682967,1.245145200443055,1.3473194026732278,205,21.53846153846154,81.41982252498467,79.51621471352156,5316.60725,3285.0002307692307,792.90434855995,69.88510030898651,1.0273100849899006,0.915572335202184,8958.571,2066.922846153846,3771.2224953929313,3947.258976753424,80.564975,109.2507076923077,57.92582377179178,87.42440314438662,1.1494045228433574,0.7921013452019103,127.070745,73.76649346153846,51.544622310348615,47.42830801758171,9.4035,5.653692307692308,5.146128177213168,1.9650724026937016,1.093672972326694,1.125879608415021,16.556,2.7724615384615388,6.254813886120034,6.121470253065974,108.906675,96.62976153846157,7.516179060271134,1.099232173719944,0.3329085746491593,0.2022721804577114,400.9733,92.52408461538462,168.78932525093782,166.86187848625232,3.25,4.230769230769231,2.9129506302439405,3.728094582670636,1.2711814798605796,0.7969023649460402,4,3.0,1.6393596310755,1.9276867824833337
Sm0.8Pr0.2Ba2Cu3O6.95,39.65,5.0,101.628,55.981054054054056,78.37922978668317,36.45474236477545,1.4384818408703914,1.4308079364954285,134.36100000000002,19.03261776061776,52.867209478087645,50.54487737019187,726.9758810000001,997.3114283011583,676.4516804005599,927.6508178629128,1.5310513516966355,0.9011501992368058,811.05291,697.0054048262549,305.91504094872687,349.737255090491,182.8,113.003861003861,155.6571690746274,88.17617103649528,1.4895544194943318,1.4350515140218134,205,35.25868725868726,81.57303476026867,81.17379696230785,5352.8858,3187.685833976834,1180.1283792389645,69.97664350489853,1.3377124952395942,0.975434799922656,8958.571,2074.908760617761,3217.411975573933,3813.314151071969,74.10048,109.12826028957532,55.84492808955804,87.2632945159096,1.386525023019123,0.8113122535286863,127.070745,74.90775025096526,47.88149176574692,47.478745135652325,7.2268,5.0006023166023175,4.7636593626430015,1.869071513996159,1.3999303043336535,1.1029292009374456,12.606,2.916756756756757,4.049934438975525,5.264541035717301,89.04534,96.7664528957529,7.999208598319146,1.0972164362458454,0.4316774550216085,0.1969913215164324,400.9733,92.88142355212356,156.09441875628482,167.19174274297274,3.2,4.223938223938224,2.9301560515835217,3.721251221474844,1.5154125173887332,0.8272337102735301,4,3.173745173745174,1.469693845669907,1.928261247912005
Y1Ba2Cu3O6.88,89.025,4.0,76.4445,51.57384472049689,59.356326514095656,35.189912953209166,1.199538472117481,1.2904456637031054,121.328,14.421428571428573,43.82350271543798,44.26593590796637,790.52572625,1000.1392389285716,737.2641697985066,933.3203285769188,1.3133158868600738,0.8944293712369236,811.05291,655.2802746428572,314.279248621623,344.29990366289815,160.25,111.19875776397517,134.7339050424837,87.6265271290374,1.2486435701184562,1.3415892512472565,205,22.826086956521745,78.93153678980285,78.1691762952665,4235.85725,2979.955863354038,669.5565878093886,68.75724423873736,1.015407122700988,0.8127648684476635,8958.571,2086.193204968944,3194.938945916289,3644.825675578101,75.90957375,107.50946,51.27602037761395,83.80175276794442,1.0914873152193318,0.759699774833533,127.070745,73.14042428571429,54.980128706180565,49.61179971942879,8.001000000000001,5.266670807453417,4.655853429547456,1.931495229367332,1.12718599714348,1.0841508130821198,12.606,2.802428571428572,4.869859648901598,5.47525174641891,109.156675,97.6074298136646,7.629577273429074,1.1432777764629265,0.3396185736618679,0.2055263458000507,400.9733,93.3863590062112,168.65251400784655,167.33791999114462,3.25,4.214285714285714,2.9129506302439405,3.711602665366892,1.2711814798605796,0.8038688049445913,4,2.9720496894409942,1.6393596310755,1.9290314611210144
Sm1Ba2Cu3O6.73,44.95,4.0,91.808,56.82052395915162,67.68887975843941,37.01503237367504,1.1735118530468809,1.3292135986874372,134.36100000000002,13.117103692065983,54.8772748731203,50.96304717548258,776.70425,992.0987889159468,719.6555228161799,922.5323644853733,1.306415392288782,0.8931677937792295,811.05291,651.8622099685782,323.4431355452234,349.9019080829772,166.75,113.98586017282013,138.68745265401134,89.05582434279565,1.2415824243954388,1.350132078425484,205,21.052631578947366,83.84323168867002,81.19389836897368,4997.85725,3254.4868161822465,762.4586553960938,74.9673556082343,1.0336044542349476,0.8931681903932936,8958.571,2110.792052631579,3508.482352689363,3834.7981965756426,80.564975,108.5780645758052,57.92582377179178,86.54303776630036,1.1494045228433574,0.8037190518603485,127.070745,72.34123935978005,51.544622310348615,47.700838189804166,7.311,5.106686567164179,4.34381247053958,1.922872496330847,1.1277654173451093,1.047646842654448,12.606,2.840681853888453,4.524048297708591,5.289155278496498,108.181675,98.45087910447762,7.154532724962951,1.171129617174433,0.3124623001097499,0.1924050581032088,400.9733,94.48706276512176,169.1917192785063,168.13531365060524,3.25,4.193244304791831,2.9129506302439405,3.690656492395476,1.2711814798605796,0.812761681340783,4,2.936370777690495,1.6393596310755,1.930542113587275
Lu1Ni2B2C1,15.88066667,4.0,64.1205,54.331,33.98183853694183,30.754354113539744,0.875212845748972,1.0033658774129297,164.156,27.159333333333333,66.84629215409035,57.97997036908523,786.93166,780.9174283333332,761.1689139389999,763.5165012284446,1.353682992206053,1.3145314454180084,562.89349,179.62290833333333,201.0858049138853,165.4243852337391,130.0,126.0,117.16826914272184,116.05332731355097,1.285993932086441,1.2780921532141718,150,38.5,58.62593282839941,51.41659913555803,5839.0,5767.333333333333,4643.780723466532,4617.573466875029,1.1886962157680632,1.1485266850162796,7574.0,2591.4999999999995,3550.948816865712,3465.734538144676,77.16387875,74.5346625,64.87570737968736,61.361219485042106,1.2380260933039031,1.196776896174316,94.844755,29.13847,40.40593059742226,41.201533414861686,47.75,43.05833333333334,36.03371125875953,33.64862352062736,1.1237022736739395,1.1910551860232377,87.85,14.391666666666667,35.59050083940939,31.29703682281901,65.825,63.53333333333333,47.73537090930784,48.32977895862199,1.1231763542011577,1.1319787406106685,112.6,27.566666666666663,46.28727551930444,42.17952373157173,3.0,2.833333333333333,2.9129506302439405,2.749459273997205,1.3579778545873245,1.35458107481317,2,0.5,0.7071067811865476,0.6871842709362768
La1.875Sr0.125Cu1O4,30.04,4.0,76.51750000000001,56.99162499999999,59.30967525776223,35.83180734662348,1.197271366179244,0.963261927938245,122.906,35.64205357142857,44.28942965595741,52.72933596733229,786.73869,1011.2558391071428,733.5849329709531,939.2797004935812,1.3125461548549562,0.7807781995909624,775.835885,741.0065229464286,315.33805240777724,355.27412402774473,155.25,110.16071428571428,132.05381131325618,85.92067486853098,1.258826828762722,1.091780152251348,178,56.625,72.997859557661,77.84136267015717,4434.35725,2974.0308571428573,674.4847514452675,53.589226781525305,0.9959827791684114,0.7579794095812957,8958.571,1645.4334285714283,3402.8561958864334,3586.824528614588,77.5256975,109.80337589285716,43.338499264246416,95.55660776018904,1.069833191761196,0.765229552393673,136.333305,80.46849,55.01551094797658,43.332515635692005,6.781,3.911392857142857,4.041973820125345,1.533481815098246,1.1113815366420898,1.0091228214641546,12.606,1.731607142857143,4.47818858468466,4.519382036132861,112.481675,61.54918571428571,8.457619954892204,0.6355798083044035,0.4084234280800667,0.2824207469620861,400.9733,57.27045714285714,167.05381009548054,138.76045688622563,3.25,4.553571428571429,2.9129506302439405,4.176745507731537,1.2711814798605796,0.731512025597819,4,3.392857142857143,1.6393596310755,1.6999962484952604
Si1,5.062857143,1.0,28.086,28.086,28.08599999999999,28.08599999999999,0.0,0.0,0.0,0.0,0.0,0.0,786.4492349999999,786.4492349999999,786.449235,786.449235,0.0,0.0,0.0,0.0,0.0,0.0,111.0,111.0,110.99999999999996,110.99999999999996,0.0,0.0,0,0.0,0.0,0.0,2330.0,2330.0,2329.9999999999995,2329.9999999999995,0.0,0.0,0.0,0.0,0.0,0.0,133.631725,133.631725,133.63172499999993,133.63172499999993,0.0,0.0,0.0,0.0,0.0,0.0,50.2,50.2,50.2,50.2,0.0,0.0,0.0,0.0,0.0,0.0,148.0,148.0,147.99999999999994,147.99999999999994,0.0,0.0,0.0,0.0,0.0,0.0,4.0,4.0,4.0,4.0,0.0,0.0,0,0.0,0.0,0.0
Sr0.9La0.1Cu1O2,41.45,4.0,76.51750000000001,47.073125,59.30967525776223,34.95200966280189,1.197271366179244,1.2245843993283525,122.906,16.241875,44.28942965595741,33.63596137855101,786.73869,980.4130305,733.5849329709531,916.539627931472,1.3125461548549562,0.9038235650252038,775.835885,643.513943875,315.33805240777724,340.72618912103474,155.25,110.925,132.05381131325618,89.71720759569594,1.258826828762722,1.20192700291345,178,43.625,72.997859557661,70.79385125136221,4434.35725,2986.1145,674.4847514452675,85.07421963698215,0.9959827791684114,0.6910890826067123,8958.571,2239.2855,3402.8561958864334,3695.153124555226,77.5256975,102.447773,43.338499264246416,60.923293534002255,1.069833191761196,0.7129762773305313,136.333305,69.4402545,55.01551094797658,55.18979193830089,6.781,5.31125,4.041973820125345,2.0814998710089867,1.1113815366420898,0.8990385504198123,12.606,3.1075,4.47818858468466,5.27701799670041,112.481675,108.56585,8.457619954892204,1.7411083648143484,0.4084234280800667,0.2842942334027762,400.9733,100.23665,167.05381009548054,169.41140404418616,3.25,4.025,2.9129506302439405,3.4993944967370325,1.2711814798605796,0.7973286930747696,4,2.925,1.6393596310755,1.9810035335657528
Sn0.6Mo3S4,13.75,3.0,82.24499999999999,64.12710526315789,71.48302614040689,54.80590816735301,0.9844781703958536,0.9433586261063956,86.645,28.507105263157897,36.67801271424975,34.29648090033166,797.4806866666668,852.1453636842105,785.501197317463,837.6306077605439,1.083030170126031,0.8407145821068805,315.3129799999999,470.1561705263156,143.2533633393127,155.53967897099918,141.0,132.76315789473682,134.33878779040967,124.03785549230912,1.0531248831539426,0.901308770493868,102,63.55263157894737,41.737273509418415,48.57573263013144,6532.333333333333,5699.210526315789,5364.998231318757,4291.8065103517065,0.944604661910002,0.7925900228002336,8153.0,3457.105263157895,3373.5664939184007,3900.7625985716577,126.55615833333331,142.35600026315788,115.6697610093325,127.33178278555154,1.0096617641265997,0.7117126576197934,128.42153499999998,97.00297210526314,54.16870658689792,61.84988995893481,13.585333333333333,14.095447368421054,7.296455751193472,6.107857130781111,0.626976421646998,0.4023881268699658,30.273,12.076657894736842,13.199817229374386,14.525810889037212,68.35633333333334,59.88894736842105,13.535343329197325,4.882250221308703,0.6406223243800837,0.3144601400292973,137.731,54.33210526315789,56.23921360482282,65.4446529072859,5.333333333333333,5.842105263157895,5.241482788417792,5.810979038966961,1.082195529738767,0.856277565081174,2,2.8421052631578947,0.9428090415820634,0.5393131982084
Ga0.25V0.75,14.16666667,2.0,60.3325,55.63725,59.597223643387935,55.09992528889188,0.680984986560607,0.6217100035610316,18.781,20.77575,9.3905,8.13241155423777,614.8506625,632.86923625,613.7936633566301,632.0686777036766,0.6914285580198518,0.5376357953005484,72.07429500000012,343.46247875000006,36.03714750000006,31.20908521492693,146.5,158.75,144.43683740652878,157.15819799334818,0.6790974019248757,0.4892910206925939,49,97.75,24.5,21.21762239271875,6010.0,6060.0,6009.167995654638,6059.374262533205,0.693008746891119,0.5554341169656146,200.0,3105.0,100.0,86.60254037844386,39.8000625,45.22734375,38.29129728721006,44.041245496093126,0.6554817737013927,0.4396698792013429,21.709125000000004,30.75459375,10.854562500000002,9.400326871965929,13.545,17.5225,10.962891954224489,15.352595123164896,0.5090792989152266,0.2781696131132757,15.91,14.7275,7.955,6.88923208710521,35.65,33.175,35.30467391153755,32.92193021504362,0.683476313191052,0.6158244318794259,9.900000000000002,12.874999999999998,4.950000000000001,4.286825748732972,4.0,4.5,3.872983346207417,4.400558683966967,0.6615632379579821,0.4505612086663046,2,3.0,1.0,0.8660254037844386
C1Ta1,8.6375,2.0,96.4795,96.4795,46.619378245532175,46.619378245532175,0.233104303934975,0.233104303934975,168.937,84.4685,84.4685,84.4685,907.3931825,907.3931825,889.556851698132,889.556851698132,0.6735554161240087,0.6735554161240087,358.055835,179.0279175,179.0279175,179.0279175,133.5,133.5,115.75836902790222,115.75836902790222,0.563361471650429,0.563361471650429,133,66.5,66.5,66.5,9458.5,9458.5,6143.740717185263,6143.740717185263,0.3666046812070817,0.3666046812070817,14383.0,7191.5,7191.5,7191.5,76.4643625,76.4643625,61.53035380228485,61.53035380228485,0.504744615326542,0.504744615326542,90.792385,45.3961925,45.39619249999999,45.39619249999999,64.85,64.85,50.92641750604493,50.92641750604493,0.4868595816058363,0.4868595816058363,80.3,40.15,40.15,40.15,93.25,93.25,86.1249092887766,86.1249092887766,0.6177425811822845,0.6177425811822845,71.5,35.75,35.75,35.75,4.5,4.5,4.472135954999579,4.472135954999579,0.6869615763973234,0.6869615763973234,1,0.5,0.5,0.5
Eu1Fe1.72Ir0.28As2,21.66666667,4.0,118.737,90.336432,105.1432851410182,82.23313100647565,1.2737269828919338,1.3152322775085177,136.372,19.628648,55.62935784727343,42.955050644753946,780.4189225,798.9382534,764.5822132733565,783.614227869609,1.3669818335837465,1.1617404431966327,399.930325,330.34997428,149.7577203542484,148.8651980395264,171.5,157.544,166.6821183310817,152.6410351763459,1.3582479522501243,1.26409993463686,112,43.58399999999999,40.64787817340531,41.261023545229705,10351.25,7311.616000000001,8546.358233559828,6779.249541039153,1.1818252519733483,1.3133884021967357,17316.0,1659.856,7117.900581456585,3871.556432824401,73.3768425,54.93006832,54.76888380545535,42.49999735927745,1.1482917097554075,1.1413990737574775,135.27196999999998,26.00540908,50.01770209075614,35.74096430450258,19.205,19.13424,17.41379374799726,17.43421219288807,1.2973913965026616,1.084057079450082,18.49,9.6184,7.885304369521825,7.843199476132173,72.875,58.7496,53.588669588105816,48.49112929949317,1.148533181240067,1.1413383612543289,133.1,24.8776,48.84502917390879,32.07674453307256,3.5,3.8,3.408658099402498,3.680109614089167,1.3580073177735807,1.1211514155596256,2,1.832,0.8660254037844386,0.9797958971132712
Bi2Ca1Sr2Cu2O8,88.25,5.0,83.2446,59.22413333333333,59.50576109199983,36.12568373061352,1.311509099928557,1.372048788446678,192.981,25.19213333333333,67.23376511128913,64.19632304513675,780.389977,1006.512223,740.8949298577522,945.9889303868632,1.553232538357343,1.0192194529021266,764.450655,661.4432690000001,276.2148974305308,333.4331717920614,146.4,103.86666666666667,130.13874607156208,85.0316862373134,1.515540764662738,1.5692569489871109,171,16.266666666666666,59.27765177535291,65.23380173567143,4589.6858,2957.0288,874.6469218868898,64.64664034012294,1.1614086463107487,1.0991681886392797,9805.571,1306.8378666666663,4011.288379771088,3983.2459500252335,71.55327600000001,103.972236,26.19414405934706,61.53629259142287,1.1637865816204207,0.8106123444343759,139.227855,75.06533,58.01047309181226,52.864950063550616,8.152800000000001,5.043466666666666,5.293022278377018,1.9025020991599133,1.4072455447973358,1.4376159013645948,12.606,1.5032,4.335559866960668,5.159813612482098,129.07934,72.66357333333333,14.343748274238912,0.9731203112262408,0.8729185343178051,0.7785534764698511,400.9733,53.45242666666667,154.40939190263785,137.94599043577148,3.4,4.533333333333333,2.9925557394776896,4.060255213473633,1.4828233752680686,0.9647996355055444,4,3.066666666666667,1.743559577416269,1.8208667044996885
Y1Ba2Cu3.987Fe0.013O8,70.15,5.0,72.3246,49.70905913333333,58.63682832319015,34.50806529316846,1.4446101612197269,1.2974837659543148,121.328,18.261867666666667,40.05363674174918,42.2255816427266,784.905475,1006.6041281786668,742.228912808722,943.24089469412,1.5505337987376322,0.8854652974290692,811.05291,700.1033547926667,281.3245559630194,336.7732399426624,159.4,107.62426666666668,138.7415165943975,85.93384379132289,1.4986728836669445,1.344264267662231,205,33.8872,70.61897761933402,74.51560658319988,4963.4858,3155.2876,1096.1472838377945,71.2292594061205,1.3180416646860984,0.7335960876044998,8958.571,2380.8058666666666,3206.8490955463685,3796.40303746956,63.873070000000006,110.69443600266666,40.48190396666456,89.03206509008236,1.2340226486749897,0.7621791135139934,127.070745,75.16748188566666,54.7518157884613,46.93739936228005,9.1628,5.426125333333332,5.786796040275213,1.965866128863416,1.3994876057382848,1.0163839257920588,13.366,3.4567213333333333,4.936754334580566,5.612669138086164,103.40534,110.26972,12.219448083046265,1.2746294300832783,0.7189459656522047,0.1708029410039087,400.9733,106.57156,151.2853191888175,175.07701534847342,3.2,4.200866666666666,2.9301560515835217,3.693062814574548,1.5154125173887332,0.7934347101740746,4,3.1974,1.469693845669907,1.938311786638626
Ba0.55K0.45Bi1O3,24.525,4.0,100.351,70.02019,65.09190914139778,36.72177873102559,1.0620620853541494,1.0615844687731255,192.981,38.27718,77.51560186504392,78.72304770214312,734.733275,1022.02797585,664.2073382323276,941.2715983944606,1.2818630663040962,0.7527466202912632,895.091345,750.66391335,350.0018144493676,365.8372407706236,171.75,107.1,143.32634217532802,82.95828625790561,1.2481044489831044,1.3803596603276236,205,6.93,83.39476902060464,79.73198856168081,3545.10725,2425.9374,453.7803613315087,35.11607832820273,0.7717947751281109,0.5772674840936495,9805.571,1960.5426,3839.5720264773895,3843.483279071973,73.618055,108.71254405,54.2182122963899,90.95643446841903,1.1564093121638137,0.6836600098291417,127.070745,83.0504286,47.57449247654159,44.74307687325606,5.29975,3.51975,3.0220877679444103,1.336485002702264,1.0257553060164657,0.9824801019632616,10.856,2.04985,4.233330862039962,4.397126992423576,32.224175,12.859019999999996,4.475873644998263,0.3599925635303666,0.6339639798282026,0.7964285929630306,102.4733,9.20898,41.09361810295943,28.812398587649724,3.5,4.91,2.7831576837137404,4.363128971068254,1.1973401335967784,0.7640766628511926,5,3.51,2.0615528128088303,1.7383612973142264
La1.78Sr0.22Cu0.99Zn0.01O4,16.76666667,5.0,74.29,56.29823428571429,60.47688589160383,35.609881251577406,1.4518296606872134,1.0387977283741852,122.906,35.22815714285714,39.86339032746714,51.97702345338449,810.66697,1011.6402629142856,765.2835773553157,939.809049334944,1.5504866692120027,0.8055524345363565,775.835885,749.5238741571428,286.0781714358816,354.95051823877657,148.6,110.05714285714286,129.97885842494986,85.87810432481322,1.498696436642931,1.1660102604960347,178,57.294285714285714,66.63212438456394,77.70243344493984,4974.0858,2923.7037142857143,1081.0160782349046,52.95818385607007,1.3095959003345536,0.8199901142193314,8958.571,1562.0234285714284,3229.3609062237933,3563.896456642193,62.02055800000001,109.08056540714286,0.2039384408511865,89.0352073572816,1.0698331917685977,0.7588036060542273,140.964585,80.55119142857143,58.163584479907925,44.58718134024,6.889200000000001,3.9199028571428576,4.551984157772433,1.535984246661017,1.392475973938103,1.082011584419294,12.606,1.8351828571428568,4.011255085381632,4.518737892280841,113.18534,61.43925714285715,14.278748058350043,0.6428097905608122,0.8319278214382084,0.3257240334846354,400.9733,56.6976,149.42409762706416,138.10150346947046,3.0,4.54,2.701920077041227,4.153825080432498,1.494365082953388,0.7485773505166506,4,3.4257142857142857,1.5491933384829668,1.7162583888048026
La1.85Sr0.15Cu0.988Zn0.012O4,21.95,5.0,74.29,56.811608285714286,60.47688589160383,35.77463423931758,1.4518296606872134,0.99255543444523,122.906,36.59852714285714,39.86339032746714,52.53364843819071,810.66697,1011.5723926085714,765.2835773553157,939.664776612606,1.5504866692120027,0.7942658683533588,775.835885,749.2649084171428,286.0781714358816,355.07649488934254,148.6,110.12542857142856,129.97885842494986,85.90395028964797,1.498696436642931,1.1209448931660764,178,59.51942857142857,66.63212438456394,77.80330499196977,4974.0858,2958.3417142857143,1081.0160782349046,53.40613572919242,1.3095959003345536,0.7928817111254488,8958.571,1623.4834285714285,3229.3609062237933,3577.398395218502,62.02055800000001,109.45368668571427,0.2039384408511865,90.36911283043864,1.0698331917685977,0.761994062736522,140.964585,80.55119142857143,58.163584479907925,43.84940160300568,6.889200000000001,3.905966285714286,4.551984157772433,1.532953853456149,1.392475973938103,1.045367436430068,12.606,1.8293622857142864,4.011255085381632,4.508555055701541,113.18534,61.138828571428576,14.278748058350043,0.6364171545651248,0.8319278214382084,0.3124028541830675,400.9733,56.58302857142857,149.42409762706416,138.04362914774148,3.0,4.55,2.701920077041227,4.170701582828764,1.494365082953388,0.7395312854550002,4,3.425142857142857,1.5491933384829668,1.7043012812125846
Nd1Fe1As1F0.11O0.89,49.05,5.0,62.0012,72.8344725,44.94663911614705,56.00753662587552,1.3320640717988026,1.1968816657347685,128.243,35.538055,46.762961135496965,46.32978603694651,1047.499051,899.2052241875,968.0526469792698,849.0256300247328,1.5339938653756744,1.4810172361555969,1147.9785299999996,246.1209331625,407.0329004202856,306.33423788560754,114.2,132.085,94.93052038629618,115.97121998169084,1.4492534892377376,1.307962505281611,164,50.345,62.91708829880798,57.86149648082047,4122.22506,5152.364600749999,238.1430548614244,823.606322524361,1.0916790780032013,1.0909516745799763,7872.571,1968.45335175,3433.15486667918,3070.383209702308,122.323683,76.01570724999999,77.28008186736845,55.10095931133048,1.2303489037892288,1.413176743553881,312.41842999999994,27.4328564125,110.88559603174085,61.56178358044353,9.9208,12.275315,3.6163042445989375,5.923710223898179,1.049631490696167,1.0066461779364595,27.256,6.910975,10.17183929090506,10.080381052359826,29.430920000000004,36.78170800000001,2.1832920578780595,6.501503471399777,0.9456792120311516,0.9441153890399346,80.3733,20.09923275,31.38648190246241,31.00352619666086,4.8,4.2775,4.5216022974376,4.070820733081744,1.552604198475667,1.473016833010958,4,1.1425,1.6,1.345545892937138
Y1Ba2Cu2.9Zn0.1O6.94,56.95,5.0,74.2316,51.423064914992274,60.51493837928329,35.06924334928653,1.4537453038493755,1.3339640572995088,121.328,20.71993817619784,39.44600382598978,44.23345142002228,813.6965990000001,1002.8379489335392,768.3526154977183,936.2149190254282,1.5511393822629336,0.9214886586840292,811.05291,697.6858684080371,284.8942159246556,343.5239037623588,152.6,110.85935085007728,132.08499496118975,87.34990579383167,1.4884874925914342,1.3795327433189437,205,38.16074188562597,72.2373864422018,78.09745230847636,4815.2858,2952.026063369397,1074.692640319266,67.4144065973207,1.322243901787676,0.901023743382804,8958.571,2007.270690880989,3083.6759999595547,3622.2150963206864,60.727659,106.7437266151468,0.2333089768695859,67.76045964417763,1.091487315226884,0.7519311858393165,140.964585,75.60233538639875,57.79458265221416,50.42613134777914,7.8652000000000015,5.200043276661514,5.097126180865521,1.9098243652155729,1.3979653027464536,1.1433830575989627,12.606,2.86806800618238,4.364194422800158,5.432059066731885,110.52534,94.95249598145286,13.148977390964657,1.1128156893589,0.7821633045399177,0.2622597609372504,400.9733,89.85430463678514,150.87222859248283,164.92580157526223,3.0,4.222565687789798,2.701920077041227,3.719877719314524,1.494365082953388,0.8164175171158241,4,3.202472952086553,1.5491933384829668,1.9283737336170803
Mo0.02Nb0.98,8.41,2.0,94.433,92.96708,94.42065324917002,92.96611700454986,0.6930164370629244,0.1005344600762048,3.053999999999988,89.12868,1.526999999999994,0.4275599999999983,668.2068675,652.7847051,668.0137285275478,652.7696788482511,0.6928581535980254,0.1017701580110961,32.129504999999995,625.4138403000001,16.064752499999997,4.498130699999999,194.0,197.84,193.95875850293527,197.83674522456093,0.6929346028562364,0.0949383775539057,8,190.24,4.0,1.12,9395.0,8603.0,9358.707175673357,8600.23311814396,0.6892866777878415,0.1123288265812055,1650.0,8194.2,825.0,231.0,79.0694575,85.8774391,78.75079456792835,85.8517213772133,0.689119727125453,0.0851582490371723,14.183295,82.9983267,7.0916475000000005,1.9856613,29.2,26.512,29.06544339933592,26.50176800682128,0.6885426232367295,0.1137408868097015,5.600000000000001,25.232,2.8000000000000007,0.7840000000000003,95.85,55.386,86.08484187126092,54.72331295159604,0.5930715208320889,0.1980205380269824,84.3,49.86600000000001,42.15,11.802,5.5,5.0200000000000005,5.47722557505166,5.018265437270181,0.6890092382766586,0.1128680050719175,1,4.78,0.5,0.1399999999999999
Tl0.4K0.3Fe1.7Se2,27.125,4.0,94.5715,78.71343181818182,77.04557251556697,71.7836307659113,1.1766445678441928,1.168285697181557,165.28500000000005,33.22513636363636,64.96024836197904,41.77078487923311,677.8794887500001,804.397637840909,648.6937060770449,786.7163607471897,1.3442620463087636,1.0026795143750924,522.0803350000001,399.13432375,194.47413268244472,153.27506246190694,168.75,145.5681818181818,163.21466542335716,142.7104961677306,1.3519452621355603,1.2071253084872466,123,46.09090909090908,45.31762902006238,31.56479463469672,6351.25,6368.727272727272,4437.051691190643,5622.19379394686,1.148907977223711,1.0638130289741663,10988.0,2983.4545454545446,4032.2039491449336,2601.144908441424,69.58980625000001,99.76110431818182,41.12588067010973,54.32042771035994,0.9007296934270024,0.4592291677422495,179.26913,86.88035681818182,73.4998632102593,87.29186515931607,6.74525,8.91415909090909,5.468196234809719,7.889719066032863,1.188093977482822,0.8796504254959492,11.475,5.176477272727272,4.362927192550892,4.064842415279308,57.37975,42.4790909090909,21.07230527725903,7.852222912938795,1.0636377005056654,0.7831237021035591,101.981,30.82772727272727,38.49073434201406,40.03375790948649,3.25,4.227272727272727,2.7108060108295344,3.814363485516756,1.230931622647922,0.8809249901613384,5,2.6590909090909087,1.7853571071357126,1.6903958165260955
Ba0.6Na0.4Fe2As2,33.85,4.0,72.771,70.62524,60.28678723507473,65.17653865636825,1.2209917146715876,1.162402104690256,114.337,28.129600000000003,41.64355104334884,28.463859858114816,677.035245,783.7823896000001,651.3844543641034,764.2255464674967,1.3477560158416289,1.0671078359306918,451.16386,339.1331968,189.29841865378924,164.13493447054006,179.5,155.56,172.8368810004595,150.71045275356187,1.3489273023950838,1.2749081671518208,134,47.2,49.30770730829005,42.0590822534206,4520.5,5939.280000000001,3520.9692723922303,5321.859806847993,1.201416760735118,0.9482156399833186,6903.0,3071.9200000000005,2565.23220196535,2048.9398140501835,40.25836625,43.6035012,30.86374102237792,32.4855742801807,1.1544502689514538,0.8666389684855873,64.64495,29.7482552,27.02504848559281,30.196406810562618,12.807,17.666240000000002,9.171664229095567,14.74137893246719,1.1113335509451867,0.8548657153657798,25.102,10.87216,9.478569354074486,8.816444894763421,72.5,65.72800000000001,56.88518507435434,58.35788906841693,1.1848385402435269,1.1284770184658046,122.6,29.952000000000005,45.218248528663736,30.076855154753133,2.75,3.5200000000000005,2.340347319320716,3.210407069750038,1.2406842915533958,0.9571785993309316,4,1.92,1.479019945774904,1.3302631318652711
La1Fe1As0.4P0.6F0.1O0.9,21.27,6.0,55.94050000000001,64.90052499999999,41.977663191529366,48.57632544958296,1.5257800762481764,1.2995492279027228,122.906,34.2513,42.47903909282789,46.50905747646769,1042.3917783333334,909.267403625,976.7401776817076,858.9828872700361,1.7290332945854816,1.6520360701101744,1142.9613099999997,253.60841037500003,370.66547429372446,305.43293824030064,114.83333333333331,133.95000000000002,96.92060141962662,115.32072858060988,1.638781578036398,1.4219459287561769,184,55.45,63.40982223248663,65.79967705087921,3595.520883333333,4351.5139325,327.0941559455634,671.0077376772614,1.2878565695002284,1.168019880065391,7872.571,1968.4575925,3117.916836194695,3128.254669404883,113.46635999999997,73.85444325,75.60334670322709,53.44759426494378,1.4321941679709873,1.570507775103678,312.41842999999994,27.785267875,103.25502958112702,60.66687610469163,8.220166666666668,7.983700000000001,2.6582588932168263,3.261215869855784,1.0883365602074448,1.1673747315634515,27.256,3.43975,9.932338972881574,8.390123047965387,24.0651,28.537105,1.4573152189778107,2.767003862376013,0.9286380742051096,0.8153785133264505,80.3733,20.0993025,30.799710386192487,33.154919280243696,4.833333333333333,4.275,4.598031774161057,4.069252235873647,1.7446068392104332,1.6618453139229414,4,1.175,1.4624940645653537,1.3414078425296312
La1.828Sr0.172Cu1O4,39.35,4.0,76.51750000000001,56.64728285714286,59.30967525776223,35.721121670829454,1.197271366179244,0.9974997671198996,122.906,34.121100000000006,44.28942965595741,52.35944454144413,786.73869,1011.3322827942856,733.5849329709531,939.4117546787272,1.3125461548549562,0.7900108732129609,775.835885,737.3171433,315.33805240777724,355.173517668161,155.25,110.1137142857143,132.05381131325618,85.90252575259734,1.258826828762722,1.1261549385566587,178,53.63714285714287,72.997859557661,77.77348931666751,4434.35725,2950.4234285714288,674.4847514452675,53.28467950856586,0.9959827791684114,0.7794494984788961,8958.571,1604.167428571429,3402.8561958864334,3577.4282015580834,77.5256975,109.52999253714286,43.338499264246416,94.10394485932596,1.069833191761196,0.7629811582954564,136.333305,80.43739426285714,55.01551094797658,43.86348725290304,6.781,3.919651428571429,4.041973820125345,1.5353463249462609,1.1113815366420898,1.038693684739561,12.606,1.68172,4.47818858468466,4.52467734523667,112.481675,61.69622857142857,8.457619954892204,0.6397070814031879,0.4084234280800667,0.2945587825933667,400.9733,57.27045714285714,167.05381009548054,138.72105980398953,3.25,4.546857142857142,2.9129506302439405,4.1653901638683815,1.2711814798605796,0.7386748883124621,4,3.3794285714285714,1.6393596310755,1.7080745574703555
La3Ni2B2N3,13.0325,4.0,55.604000000000006,59.7744,33.33333721014627,35.25407607788567,0.966679042519438,0.8778697100894817,128.094,39.5093,51.68491506232742,54.64987484743217,869.5469412499999,889.6785365000001,816.9076226709811,827.0064545311142,1.321879342692842,1.2703609649459713,864.2161450000001,273.26481700000005,322.4818573222885,349.5142921466855,129.5,131.8,113.17499833970548,113.0394521581637,1.260433522891284,1.2079850615476768,170,51.0,65.00192304847603,69.61580280367383,4348.81265,4093.77518,632.6693007107683,426.1009546748734,0.9808429058744712,0.9700983029369936,8906.7494,1843.42482,3426.101855783051,3396.8533740531216,45.975102500000006,41.314877,0.0607992583631414,0.0155874255182976,0.930269435285106,0.9645836022799846,111.53666,22.307332,41.1457055573728,39.2946294543509,18.5675,15.546,7.873593820939592,6.052165897637169,0.8554396218121697,0.9292547285699514,49.48,9.824000000000002,19.197087506963136,18.24395527291163,32.856500000000004,27.6378,5.417621886937972,3.4799873432500994,0.8155781667054272,0.8782753931234264,90.874,18.172200000000004,34.84200879326564,33.00286675366248,3.25,3.4,3.0800702882410227,3.224464707099024,1.3322449220385326,1.2707279220865433,3,1.1,1.0897247358851685,1.1135528725660044
K0.5Ti1N1Cl1,16.15,4.0,34.10625,33.393142857142855,31.04897143353429,30.04319878878849,1.3095300350952883,1.2808129794732204,33.86,9.674285714285713,12.45059631855037,13.156538672338357,932.79285875,1006.2144978571428,834.1519419168094,920.4228476682556,1.2858658223264086,1.2157347606563813,983.4716050000002,340.82637071428576,406.5285436587434,381.7707572203764,138.5,123.57142857142856,117.28258103948713,105.69085386801292,1.2351697605629317,1.2977884737624057,187,34.285714285714285,75.2877812131557,68.52081465377017,1343.35515,1412.1201714285712,62.645968477331245,43.07586081464776,0.4473763256894335,0.3036446573399265,4505.7494,1287.3569714285711,1859.952444067742,1978.83737785284,101.23688625,108.79372928571428,0.0598822599720036,0.0230150838614326,0.4566750185888148,0.3332027902465131,348.986245,99.71035571428573,144.21384105349225,152.68226883578276,5.902749999999999,6.4124285714285705,3.5135059139497646,3.724699428525025,0.9960062752606876,0.912805959030504,13.43,3.837142857142857,5.19278660138273,5.360877003336111,31.108725,20.909971428571428,0.8489514094866829,0.4280327230502688,0.4679461822489679,0.6144458845369729,102.4911,14.640314285714286,42.17478414499445,34.65108362439619,4.25,4.7142857142857135,3.4397906282503925,4.103736232752598,1.2324052230657891,1.1750473829454875,6,1.8571428571428568,2.165063509461097,1.9059520091609048
La1Fe1As0.6P0.4F0.05O0.95,19.04,6.0,55.94050000000001,67.0604375,41.977663191529366,50.66086197838284,1.5257800762481764,1.2915208155541342,122.906,34.488775,42.47903909282789,45.92877328316198,1042.3917783333334,901.4364398125,976.7401776817076,853.5104515469567,1.7290332945854816,1.6039404826043806,1142.9613099999997,291.0457964375,370.66547429372446,295.5913888556186,114.83333333333331,135.075,96.92060141962662,116.64021759481274,1.638781578036398,1.411256682375849,184,55.975,63.40982223248663,65.28050532126723,3595.520883333333,4546.71059125,327.0941559455634,709.0121434659904,1.2878565695002284,1.1736299853010703,7872.571,1968.47879625,3117.916836194695,3085.908872660976,113.46635999999997,71.83790674999999,75.60334670322709,53.11368050854076,1.4321941679709873,1.496848668360332,312.41842999999994,29.5473251875,103.25502958112702,54.08641336623133,8.220166666666668,9.335024999999998,2.6582588932168263,3.925300656570748,1.0883365602074448,1.1167991566388988,27.256,4.148624999999999,9.932338972881574,9.23759001035308,24.0651,31.03529,1.4573152189778107,3.615436093103365,0.9286380742051096,0.8735636666825367,80.3733,20.09965125,30.799710386192487,32.8089168254211,4.833333333333333,4.262499999999999,4.598031774161057,4.0614188103646764,1.7446068392104332,1.6146238446457009,4,1.3375,1.4624940645653537,1.32045210060797
Nb3Sn0.5Ge0.5,11.95,3.0,94.752,93.59825,92.87574295823178,92.89465245437653,1.0788135828822008,0.7379992477480175,46.06999999999999,60.599500000000006,18.853240428814,11.579742503074062,707.6531516666668,672.9587537499999,706.2208520331303,671.9185111737481,1.0965916539346434,0.7756013618982748,110.089385,400.53335625,44.9486418264587,38.468992693417775,155.0,181.875,151.86732420689847,179.2523557073997,1.077964647898198,0.6031814940709003,76,133.25,31.822423959633664,28.51507276862537,7067.666666666667,8006.625,6934.5490067914325,7915.800619931099,1.0802580399892248,0.6307923090148311,3247.0,5762.125,1336.611719568884,1094.958782043872,104.13947666666668,92.902994375,103.22056741181466,92.20020322818938,1.0899519584855557,0.8251757963628265,32.8049,51.20941375,13.576719125053948,12.036521877178236,23.456333333333333,25.296125,18.996114869517104,23.33467462096608,0.936226234255774,0.618910922589798,29.911,18.921375,12.387247752785475,7.718313618231316,60.23333333333333,56.150000000000006,59.995095154608045,55.979283245400296,1.0946637669111272,0.7910964250065204,13.099999999999994,32.75000000000001,5.348104544810451,4.553020975132882,4.333333333333333,4.75,4.308869380063767,4.728708045015878,1.0928305532284883,0.6605788873520756,1,3.25,0.4714045207910317,0.4330127018922193
Fe1Se0.25Te0.75,13.225,3.0,87.46833333333332,85.64249999999998,82.55575808891047,79.49906904600336,1.041270069285426,0.9396506179895364,71.755,37.98,29.905281677694028,33.312000934347964,857.5586800000001,824.82614375,854.3679944096737,822.2177007251686,1.0949232687610044,1.0013373152428795,178.49725,263.59702000000004,73.34501753933165,66.13981212362204,133.0,139.125,132.04956816087372,138.0938608073211,1.0912791559994357,0.9305908104119124,36,63.0,16.30950643030009,16.899981508865622,6311.0,6879.375,6186.5089014424375,6786.745164061161,1.0789704355627736,0.8994570045997912,3055.0,3334.625,1248.2085829967148,1085.6255037419671,133.631725,103.55252625,83.54875485910098,54.86013559312166,0.8313685394799861,0.7931098512870376,179.26913,63.450948125,83.3944512657459,87.83789205357468,12.664666666666667,14.3005,11.73698092303563,13.783316581687924,1.0308776491197127,0.8751317103578953,10.796,6.06825,4.481238320920779,3.3417797279294152,27.75633333333333,41.146125000000005,4.611374810916701,11.380841957409132,0.1661896392787976,0.1152207335437774,79.881,40.135125,37.23219816532758,39.25787825531807,5.0,4.5,4.762203155904598,4.242640687119286,1.0549201676861442,1.0114042644073518,3,1.5,1.4142135623730951,1.5
La1.922Ba0.078Cu1O4,24.95,4.0,88.94425,57.88984514285715,66.36112151725047,36.12325689742292,1.1817933990529972,0.9529624567606844,122.906,36.60912914285714,51.96885518931027,53.663668523584576,775.0881262500001,1010.66011315,717.5101887217695,938.2206814536448,1.30549821380113,0.7677978165209445,811.05291,745.2151848628571,324.61306326108,356.0822933019857,163.75,110.58657142857142,136.9052308315913,86.07713827344132,1.245145200443055,1.061149895859378,205,59.234,81.41982252498467,78.51755539615172,4654.35725,3007.4440000000004,724.9532108523879,54.06913179831732,1.0331288001310188,0.7465014326007104,8958.571,1686.6994285714286,3306.1628967554952,3596.2252715910727,79.84133750000001,110.17997063142856,57.03667264203541,98.22682633692112,1.1423728526208634,0.7731499716516564,127.070745,80.39637435428571,52.01152326952492,42.54924010260726,6.7035,3.89968,3.9991370833057,1.530892394766399,1.1090816489133313,0.9716694660178472,12.606,1.7849485714285716,4.468959246849316,4.511483102408152,108.231675,61.21271428571429,7.181279108053446,0.6268915087133433,0.3139233463712451,0.253014305839019,400.9733,57.27045714285714,169.16369943021724,138.84663702907636,3.25,4.560285714285714,2.9129506302439405,4.188131807598615,1.2711814798605796,0.7231268094128078,4,3.406285714285714,1.6393596310755,1.6918527219155517
Y0.9Ca0.1Ba2Cu4O8,87.35714286,5.0,69.17120000000001,49.390213333333335,54.87250924351889,34.32909867308622,1.4191714505923856,1.3068460051941804,121.328,18.04308,41.809126799779015,42.11184037308061,750.383142,1006.5225147333332,705.0847830510737,943.116407525544,1.541861301021228,0.8936594317585909,811.05291,696.8320373,292.3403242325816,336.866053454738,167.0,107.48,144.92451772406534,85.8683038738234,1.500622339869293,1.3754575304510863,205,32.84,71.8776738633075,74.35049607545781,3698.6858,3136.7488,791.9470941162958,70.73579829168881,1.218288237193935,0.7223425851479731,8958.571,2388.5712000000003,3052.920005713638,3798.402088789499,61.07500500000001,110.59818256666668,26.05421006813238,87.51776599831183,1.1203510132410623,0.7565598008421628,139.227855,75.1695338,57.43265066173117,47.2300936280925,8.1088,5.406466666666666,5.2564315584328,1.9619993639025608,1.4045580279770622,1.0354369770493794,12.606,3.4230666666666667,4.361067502343893,5.5963065840089765,127.52534,111.77290666666669,14.677077662314431,1.297497597484054,0.8557827958809764,0.2236058478229134,400.9733,106.91909333333334,155.25645816024013,175.26926745865237,3.0,4.193333333333333,2.701920077041227,3.681799550718941,1.494365082953388,0.797217856272564,4,3.186666666666667,1.5491933384829668,1.9448964553986472
Li0.8Fe1.2Se1H1O1,40.45,5.0,31.7506,33.70676,13.761740680975524,14.95876914963659,1.115133935419562,1.0885177074482812,77.952,15.5904,30.39080179659629,30.30470633849469,969.905814,979.592908,915.5743025437124,929.6791272702932,1.5560022353163323,1.545634545459199,793.68561,179.5470068,310.31163401659774,299.72269366302,108.8,108.36,95.52298483050872,95.26299023949524,1.4952274947379047,1.4884041939204145,119,27.84,50.10149698362315,49.63456859891098,2645.7037800000003,2939.30378,76.4006586882663,85.08309294216257,0.8073078763222785,0.7534377745260749,7873.9101,1889.74202,3178.334551068895,3306.152007833625,96.813049,95.057022,71.55048668111097,67.83605089088051,1.379655159810674,1.372128421196617,179.26913,35.2247438,63.44449218713389,65.03697084744965,4.9012,5.333600000000001,2.330255609352888,2.477002580511316,1.093589011210632,1.0084062914883782,13.366,3.2256,4.998508353499071,5.275244282495361,33.22524,33.041239999999995,1.764274511805824,1.7603525142866097,0.7209350534760404,0.7064522168883639,84.9733,19.29066,40.42246847695475,40.19621114098194,3.4,3.4800000000000004,2.550849001251582,2.665444237499353,1.374569196689099,1.3660126980567635,5,1.0400000000000005,2.244994432064365,2.193080025899648
Ba0.5K0.5Fe1.96Mn0.04As2,25.85,5.0,72.426,69.94204400000001,65.80750045955394,66.30886876079589,1.508382913310474,1.2394167104879696,98.229,29.529296,34.37989268744159,25.27509716210927,669.683088,775.5807786600001,642.0200882329203,750.8583874964904,1.568930508840308,1.088777182244845,528.1588899999999,373.06195408,188.9524500902746,178.9183908963145,186.4,159.64,178.99662653370058,153.6211152303409,1.5697783002869703,1.3457533114350748,134,59.864,52.44273066879718,47.24775550224582,5081.0,5874.064,3992.1654832933127,5123.0637243897,1.4467347246608768,0.982149959754596,7012.0,3027.152,2608.193551100071,2160.307040192204,31.299734,43.80380406,0.1526758288552559,26.90490404224292,1.154763081121022,0.86705831277303,78.53878999999999,31.415516,28.449995824460743,29.97482896254415,12.775,17.5423,9.61331811212134,14.286042159005223,1.3821308040152556,0.8708121105288245,25.365,10.97672,8.541869818722361,8.994021859546484,51.862,63.74928000000001,35.87818770373293,57.78794291164327,1.341060792258435,1.1151251320682003,94.69,31.454320000000003,35.89337231300508,23.726883239936928,3.6,3.532,2.913693458576192,3.1877431227506663,1.4264444333582804,1.0174176697343176,6,1.944,2.154065922853801,1.3946239636547193
Ru0.95Rh0.05Sr2Gd1Cu2O8,34.575,6.0,88.06516666666668,49.195414285714286,72.53923766275082,33.36309957451851,1.6542710022276834,1.6213302358518673,141.251,12.149621428571429,42.76064637965095,43.55394883064741,772.0247275000002,1028.9567015357145,739.2684719649598,967.3768786074672,1.744311008330166,0.9507336606698064,764.450655,748.248411375,252.4440292785489,333.94390133927106,163.16666666666666,106.33928571428572,145.92159163213694,84.31122090025914,1.7067021132113902,1.579448762349431,185,30.66785714285714,61.65878327988281,73.043352290099,7385.404833333333,3107.316571428571,1856.7507241054489,51.59273055110478,1.51150877186567,1.3472251296897433,12408.571,1279.1834285714283,4661.460352877641,4273.298236769508,87.33500583333334,108.94776069642856,58.88972112218906,76.45073354631919,1.5964773227455396,0.8481278393751751,136.333305,80.15939341071429,46.46262588529547,49.21788084288785,13.020666666666664,5.714607142857143,7.875516234895356,1.7958212233299296,1.5366287966479275,1.4969780779241637,25.206,1.7875,8.462200002888663,7.292554793561158,119.00445,71.59025714285714,20.325456746090083,0.822955964002257,1.1600049222593545,0.6960017583324386,400.9733,57.27045714285714,137.46706635534866,137.9953226055647,3.1666666666666665,4.428571428571429,2.94168275343288,3.9703300136174384,1.712299181954804,0.8544871035659154,4,3.4178571428571427,1.3437096247164249,1.840585532389304
Mg0.92Al0.08B2,33.55,3.0,20.69933333333333,15.380386666666666,19.21078936461552,14.202099370607936,1.0336691205723754,0.849513907546279,16.171,6.734013333333334,7.077001923288012,6.475677799053591,705.30535,775.3920539999999,698.727677798481,774.0201211149265,1.0895182406080228,0.6942984012147684,223.07332,518.3534410666666,93.91012813524355,43.62927233570368,116.66666666666669,105.61333333333334,114.17992517149489,102.58468816391915,1.0776440551523725,0.7980346458878943,58,54.85333333333333,23.697163449568293,26.660779350115696,2258.6666666666665,2164.9333333333334,2222.128613338355,2144.142376641366,1.082837860844939,0.694340104423789,960.0,1488.0533333333333,396.1155835807972,289.666352128713,23.18856166666667,19.14519693333333,0.0048622663017434,0.0085345870437819,0.6680040761483956,0.2249437302545493,42.549885,18.010533333333335,17.58046251426866,12.973442353679175,23.12933333333333,36.35190666666667,16.580284305141284,27.9206515143949,0.7794468533264804,0.3028534284199187,41.723,33.18104,19.16356672322654,19.58728714799361,140.0,72.16,99.94143237169236,48.99224514912186,0.8671704586867692,0.8321353161003542,210.0,41.52,86.47543003651384,65.11385720413129,2.6666666666666665,2.6933333333333334,2.6207413942088964,2.6492316525293487,1.082195529738767,0.6624095031987044,1,1.92,0.4714045207910317,0.4611097724210822
Y1Ba2Cu3O6.61,59.626,4.0,76.4445,52.33555828707375,59.356326514095656,35.788864433232774,1.199538472117481,1.2870176058069698,121.328,14.730214115781123,43.82350271543798,44.42691125150276,790.52572625,993.4204250832672,737.2641697985066,926.5101852568292,1.3133158868600738,0.909559794673048,811.05291,641.177486145916,314.279248621623,344.85814694497066,160.25,112.5519429024584,134.7339050424837,88.76310087804255,1.2486435701184562,1.340302347368353,205,23.31482950039652,78.93153678980285,78.44681721167699,4235.85725,3043.730823949247,669.5565878093886,74.70314141037964,1.015407122700988,0.8126897072119718,8958.571,2130.8924908802537,3194.938945916289,3657.209192647722,75.90957375,106.7931329777954,51.27602037761395,82.87378022317436,1.0914873152193318,0.7709359179193092,127.070745,71.68820197065821,54.980128706180565,49.89542775506488,8.001000000000001,5.369931800158605,4.655853429547456,1.993265550295124,1.12718599714348,1.080547703387252,12.606,2.8719397303727208,4.869859648901598,5.487404626975716,109.156675,99.69678723235528,7.629577273429074,1.239046940306232,0.3396185736618679,0.2054767703418505,400.9733,95.38648001586044,168.65251400784655,168.50311451556848,3.25,4.176050753370341,2.9129506302439405,3.673628551332991,1.2711814798605796,0.820028212390779,4,2.907216494845361,1.6393596310755,1.9316054744083488
Bi2Sr2Ca0.8Eu0.2Cu2O8.26,90.65,6.0,94.69783333333334,59.95405897771953,69.57010059569569,36.25564501935912,1.5414507384188894,1.4586711234662535,192.981,25.39758846657929,66.50462699295608,64.73152379599881,741.5033058333333,1011.1898613237222,704.3756416525779,950.361779907831,1.7350301641090748,1.0215344288345771,766.86278,704.0413079816514,266.72037281440373,333.71032463809684,160.5,103.39973787680208,143.19928346072982,84.4001389282723,1.7029360827961628,1.638937119251208,183,25.67496723460026,62.62786919575023,65.8882556149309,4698.738166666667,2955.0854220183487,1178.8840465433389,61.55690844402526,1.4257596223593565,1.1679082124277906,9805.571,1284.5476055045872,3669.898838040381,3973.330295762068,67.66814666666666,105.21202399082568,29.00069977056016,65.19075000746197,1.3900738577007874,0.8299394913466049,139.227855,76.2108838859764,53.663926182276896,51.69703441974718,8.329,4.973882044560943,5.804921796374944,1.85775318263512,1.6257413862881718,1.5004516935398688,12.606,1.589646133682831,3.977369105325781,5.156835376479465,109.88278333333334,68.973823197903,14.268818459468337,0.8837990317328176,0.9567395563423448,0.7566420679428797,400.9733,52.54124888597641,147.3468330020524,136.42050682083743,3.333333333333333,4.571428571428571,2.993795165523909,4.109138915957368,1.6831089566088495,0.9766617236035708,4,3.2083879423328963,1.5986105077709063,1.8002683442240297
Dy1Ba2Cu4O8,74.46666667,4.0,94.843,54.622,69.01565097251179,35.92780796742628,1.1637989524826162,1.3403728152518035,146.501,9.777466666666667,58.26284933385939,50.04686941258164,783.82001875,1004.8012223333334,728.8803508413802,940.3502421667964,1.3101723158519465,0.8768416427779564,811.05291,662.562495,318.5335365342432,339.00307113476686,164.25,108.66666666666666,137.2071185097046,86.33688546984735,1.244585286950722,1.3426007496738233,205,18.933333333333334,81.80579135978088,76.08912902350477,5255.60725,3428.1621333333333,787.3467974735561,74.3831787472042,1.02888999324195,0.8236576239695039,8958.571,2388.5712000000003,3716.0352789307167,4021.623081543237,80.564975,112.02551733333334,57.92582377179178,92.13630064223476,1.1494045228433574,0.7948266924612558,127.070745,73.3286,51.544622310348615,44.89337550619764,7.9185,5.403466666666667,4.621757456893672,1.9619204532996648,1.1280674759629234,0.9977582038422192,12.606,3.2432,4.814225456914124,5.588903933887415,107.531675,110.11424,6.775858197445818,1.2366471482673258,0.2926858150170098,0.1470234867093642,400.9733,106.91909333333334,169.5595811209643,175.5217798340054,3.25,4.2,2.9129506302439405,3.691765288866927,1.2711814798605796,0.78925861222167,4,3.0,1.6393596310755,1.9390719429665315
Nd1Fe1As1O0.85,51.45,4.0,72.75200000000001,74.96315584415584,55.74354162313204,58.52149390532696,1.1734967157079463,1.1585105288630189,128.243,33.93320779220779,46.42811286817503,45.92574398299168,889.109275,872.5577118181818,843.2921091213556,828.846926874517,1.3348351272721477,1.351748061706346,780.8531049999999,151.62680402597402,285.75885257334875,278.4495656121516,132.25,135.53246753246754,116.39786230072323,120.48513339676794,1.2807174066843254,1.2642794805751725,158,42.9090909090909,57.61239016045073,56.224407607323,5152.35725,5353.042766233765,819.7317091872303,1049.9078822883337,1.090912518843554,1.0908234403800443,7872.571,2044.879311688312,3070.3955411123643,2953.072286852272,70.8682325,68.13720577922076,53.8353893815676,51.85378966850773,1.1648214879075334,1.1991114849604132,125.23753,27.037101883116883,46.16494696578001,44.89256805581344,12.2735,12.73438961038961,5.901177221664201,6.526999122218925,1.002649388742578,0.9975126454002152,27.256,7.09677922077922,10.082504983881734,9.997652353201548,36.78167500000001,38.213687012987016,6.493647994949474,8.043571089464791,0.9440436627115134,0.9438327075031576,80.3733,20.87722207792208,31.003565317828773,30.724371588976297,4.25,4.181818181818182,4.053600464421103,3.992137346432816,1.339718043094599,1.3534782748945422,3,0.5454545454545455,1.299038105676658,1.2764324545772066
Nb3Sn0.8Ge0.2,17.78333333,3.0,94.752,97.0535,92.87574295823178,96.38047768919908,1.0788135828822008,0.7052886119697889,46.06999999999999,66.0475,18.853240428814,11.68345260400366,707.6531516666668,668.93532925,706.2208520331303,668.2508567339636,1.0965916539346434,0.7209413758241149,110.089385,450.99501125,44.9486418264587,31.00242584077308,155.0,183.6,151.86732420689847,181.5893962451193,1.077964647898198,0.5762180461170531,76,142.4,31.822423959633664,25.362176562747923,7067.666666666667,8155.65,6934.5490067914325,8106.379197116835,1.0802580399892248,0.6074884990948882,3247.0,6161.35,1336.611719568884,820.3563417808142,104.13947666666668,92.027393,103.22056741181466,91.4887105446752,1.0899519584855557,0.7647904188630854,32.8049,58.6725285,13.576719125053948,10.425542455469694,23.456333333333333,23.0528,18.996114869517104,20.60423518133572,0.936226234255774,0.5034618037445092,29.911,18.3942,12.387247752785475,8.330543821384051,60.23333333333333,56.645,59.995095154608045,56.417759001852936,1.0946637669111272,0.7391593500418103,13.099999999999994,37.26500000000001,5.348104544810451,5.268915922654297,4.333333333333333,4.75,4.308869380063767,4.728708045015878,1.0928305532284883,0.6200010437685477,1,3.55,0.4714045207910317,0.4330127018922193
Na1Fe0.97Co0.03As1,21.13333333,4.0,53.1725,51.28321333333332,48.79471599155509,45.843519519318754,1.314758686381429,1.0533134532354191,51.932,24.38467,18.87027870090953,21.457239132310463,741.4148612500001,735.0667914833333,722.3232927927226,710.0412172615102,1.3617417111375878,1.112228802545772,451.16386,308.06277548333327,160.76062145813486,185.19558517180943,154.25,154.95999999999998,152.16584679107797,152.18163420305456,1.3729117371353292,1.125206462128384,71,61.813333333333325,25.14333907817337,28.995604264554768,5868.0,4867.593333333332,4443.067974160761,3528.953104241739,1.2100637246793993,0.959485862462104,7929.0,2456.9266666666663,3050.3094105352657,2896.961347335438,52.7290525,49.52703696666666,45.17605547154948,40.83859531381371,1.2699351797513754,0.9944283865285864,62.81173499999999,25.54183081666666,23.22369097062698,25.606897567462177,15.077000000000002,14.726566666666663,11.26436986919525,9.995336314920417,1.1834676106828284,0.8707630284111798,25.102,9.071333333333332,8.915323718183204,10.267945650366917,92.9,90.72933333333332,86.85497900352976,83.0501457633133,1.322575656572993,1.0603192389788765,90.8,46.0,32.95284509719912,37.7528781183928,3.0,3.0,2.590020064111352,2.46621207433047,1.2650013748730702,0.9818023631989384,4,1.6366666666666665,1.4142135623730951,1.632993161855452
Yb0.7Ca0.3Ba1.6Sr0.4Cu3O6.73,68.05,6.0,86.27066666666667,53.90759387274156,66.28846873203436,35.650911424947,1.582044636299477,1.5399887929211658,157.055,16.315773762765122,54.35714746521893,49.77032105984316,717.4946216666667,997.8659088295368,677.0533243310821,932.0922005679822,1.7271731132985122,0.9756256597346176,811.05291,680.7402538413198,276.9246500184868,342.6674598277426,177.33333333333334,111.00078554595444,156.44502532417596,87.8898749614759,1.6987468409020618,1.5960823359754583,205,27.22702278083268,69.39660574472565,76.85785841416188,3936.0715,3055.6258578161824,1041.460142292012,71.27523233876904,1.4349293145114603,0.9477058864503556,8958.571,2110.792052631579,3095.059878886769,3751.346954721618,54.77131833333334,107.19104532992932,21.19110987343556,77.30674481348642,1.2340929329434829,0.7742170270349671,139.227855,74.4831608837392,55.70058984901885,50.1445743018557,7.374,5.060967792615868,5.212245002202733,1.9123939957723568,1.6210356791833145,1.2285505167766395,12.606,2.874155538098979,3.691225632045089,5.2608404293719655,115.72111666666666,104.79416268656718,19.43967131658639,1.3511716697859506,1.0846399358929004,0.4456398705012783,400.9733,94.48706276512176,143.7171467718265,167.41773262706613,2.833333333333333,4.1696779261586805,2.5697965868506505,3.655558950658314,1.6807679831119675,0.8654616767680934,4,3.124901806755695,1.4624940645653537,1.9509599562631823
La1.89Ce0.11Cu1O4,27.1625,4.0,89.64150000000001,57.92645857142856,66.69552055982197,36.13278446628084,1.1799574986143646,0.98758013331024,124.11700000000002,35.30252714285714,52.62784555014579,53.71885853884886,782.975775,1010.9949161,728.508816472444,938.8277108858142,1.310411867474247,0.7766081663225577,779.5023150000001,742.4205106214285,318.22337883173697,355.6184019366149,153.0,110.0342857142857,130.6756699208687,85.86982349763451,1.2618123252634783,1.0766670157512055,178,57.71999999999999,71.11258679024411,77.67315382092963,5469.35725,3046.6222857142857,854.3392630102438,54.49042934809146,1.085887402948107,0.8146064031631389,8958.571,1658.6034285714284,3325.370021874661,3620.2099967797335,88.42850250000001,110.57594507142858,77.85850495976422,99.626957766801,1.2682406967172,0.7966808413508137,95.616635,79.793095,42.35342579165033,41.8096250117168,6.2885,3.8778,3.7423504431263295,1.525484139283884,1.0884794437227738,0.9774736265533752,12.606,1.7784857142857142,4.488048211639443,4.500168094003347,106.456675,61.12354285714286,6.357215908167849,0.6229882253831933,0.2629010461323042,0.2479531872136921,400.9733,57.27045714285714,170.13145366500245,138.87655814308985,3.5,4.571428571428571,3.2237097954706257,4.207096763645163,1.30130555003691,0.7428530923696538,4,3.3814285714285712,1.5,1.6781914463529617
Y1Ba2Cu3.95Zn0.05O8,47.25,5.0,74.2316,49.72184666666667,60.51493837928329,34.5152023223733,1.4537453038493755,1.314191111093509,121.328,18.09233333333333,39.44600382598978,42.22929405128414,813.6965990000001,1007.1258676,768.3526154977183,943.837285353086,1.5511393822629336,0.8969915454455609,811.05291,697.7428557000001,284.8942159246556,336.4959326943663,152.6,107.58,132.08499496118975,85.90536318649269,1.4884874925914342,1.3566398903815624,205,33.32666666666667,72.2373864422018,74.49973333285607,4815.2858,3150.1388,1074.692640319266,71.18310705486718,1.322243901787676,0.761773095145481,8958.571,2358.704533333334,3083.6759999595547,3789.8521334158177,60.727659,110.38688041666668,0.2333089768695859,81.29332862709882,1.091487315226884,0.759727224515995,140.964585,75.181112,57.79458265221416,47.28505084306455,7.8652000000000015,5.406373333333334,5.097126180865521,1.9619865777267824,1.3979653027464536,1.0305680136105089,12.606,3.412093333333334,4.364194422800158,5.595476493915023,110.52534,109.59757333333334,13.148977390964657,1.2711393320084448,0.7821633045399177,0.1896736811176328,400.9733,105.58242666666668,150.87222859248283,174.47737092906718,3.0,4.2,2.701920077041227,3.691765288866927,1.494365082953388,0.797791549310584,4,3.1933333333333334,1.5491933384829668,1.9390719429665315
Y1Ba1.4Sr0.6Cu4O8,79.16666667,5.0,78.67960000000001,47.72745333333334,64.16441837512977,33.897145470007395,1.4627066503397987,1.4793204519055734,121.328,13.4408,39.45101012952647,39.11035312490145,742.316996,1008.4535012,695.1670972740209,946.5721366395416,1.53818899273005,0.9271913466290124,811.05291,678.7848396666667,297.1758462267864,334.1094549156243,172.0,106.23999999999998,148.48081435130825,85.42455447961296,1.4980625491968176,1.516087859285944,205,25.37333333333333,74.40698891905248,72.10970161265865,3914.6858,3121.0288,880.2802936573551,70.41951101712363,1.2735735943228823,0.7817486065330002,8958.571,2388.5712000000003,2928.943887425391,3798.34322461681,61.653915000000005,110.4135746,31.700904723293338,85.35398695195238,1.1530701042361329,0.755026770773856,136.333305,74.9958608,56.84317784593284,47.64921701065103,7.886800000000001,5.437866666666666,5.1120748335363935,1.9691236460702728,1.3987241288753702,1.112770414580245,12.606,3.2432,4.361719037260424,5.615801395665232,94.40534,111.22757333333334,10.370531934698752,1.3102561168273836,0.5805224263579009,0.2061116113232679,400.9733,106.91909333333334,153.70538026387493,174.95754335624576,3.0,4.2,2.701920077041227,3.691765288866927,1.494365082953388,0.8280436471727743,4,3.12,1.5491933384829668,1.9390719429665315
Pr1.83Ce0.17Cu1O4,15.425,4.0,90.14225,58.46048,66.93466737631745,36.27097639614979,1.178646366999769,1.035919769812829,124.909,33.43456,53.10159860293756,54.52504525946533,780.467165,1008.3402002428572,725.088492826946,934.1641984911904,1.3089374160386769,0.7852571999374648,785.870325,737.8396784928572,320.17746590392346,359.1582642212745,158.25,115.38714285714283,133.6108921092572,87.83252638220802,1.2520675419604976,1.0961699434153598,199,59.47285714285714,76.85172411859087,85.8105228669181,5626.10725,3215.886571428572,875.3414532385942,55.93832797927194,1.090027682549391,0.8493695621988334,8958.571,1769.839142857143,3368.074371507804,3772.6132313992666,89.15214,111.35747357142856,79.07224998448882,101.3053423004152,1.2743990315007443,0.8159735864546098,92.722085,79.37958785714285,41.629727639796215,40.59237681943959,6.460999999999999,4.051842857142857,3.842389055445674,1.5664451348698103,1.0957385769105388,1.0029757990830055,12.606,1.7316857142857145,4.494587077808149,4.599859395788138,106.206675,60.84325714285715,6.236070590321659,0.6096488028480267,0.2553091184050707,0.240223710926587,400.9733,57.27045714285714,170.26854484509718,138.97344765575963,3.5,4.571428571428571,3.2237097954706257,4.207096763645163,1.30130555003691,0.7574466308335152,4,3.355714285714285,1.5,1.6781914463529617
Ca0.81La0.19Fe1As2,30.03333333,4.0,77.4375,66.1360325,69.47113499448862,63.15653971263163,1.2764047911078222,1.1377038062488616,98.827,30.8630125,37.57176331036381,21.30968181617088,709.33359875,809.10294815,691.8793895652719,793.4320788763358,1.3612053976575311,1.0456731213459218,408.90343,447.9405373625,160.39898346254765,152.57462068742063,173.75,148.52,168.90613808285525,144.92877836256682,1.3590217365244728,1.2592492772513009,107,48.765,40.16450547436131,33.966300946673606,5324.25,5437.81,4552.623249331799,4775.433035463433,1.2704061586899622,1.027189813334536,6324.0,2571.565,2322.911360233102,2147.13638688836,35.33763125,45.7068742,17.66059756345484,23.655723498256155,0.9896186583817956,0.5228663080747281,76.80206,38.917707175,29.496363608454423,33.98792442580322,14.0625,19.32635,11.929733773170254,17.08233081970675,1.2228936968112218,0.8262000877126938,21.5,13.5555,8.342093187563899,8.626167728342638,86.27499999999999,86.54375,57.52708895332487,70.26740681301273,1.061450887545555,1.0891903147866282,187.5,40.06125,70.3454822643217,59.80049089211141,3.25,3.7975,3.0800702882410227,3.567690316183302,1.3322449220385326,0.957450326453039,3,2.3575,1.0897247358851685,1.2515964805000053
Y0.5Pr0.5Ba2Cu3O7,25.93,5.0,89.3372,53.24553846153846,70.56035258852464,35.55909914691185,1.444535308973285,1.425489305406638,124.909,17.70776923076923,46.917868295138895,46.94268445032055,738.0330620000001,1000.2748388461538,689.6608171968622,931.6929974051368,1.535931570056902,0.911710237136102,811.05291,687.1921467307692,300.06511975168064,347.5135380543636,177.6,111.96153846153844,152.09709122265988,87.6546739155326,1.492529994371754,1.4573720444781462,205,30.769230769230774,78.66536722090605,80.05501991141938,4743.2858,3040.9617692307693,1063.6188979110775,67.40986921039584,1.323573397766869,0.9442645321499444,8958.571,2066.922846153846,3032.497786961528,3702.435170878821,70.376159,108.53449211538462,50.65442738088957,85.79960839937972,1.341507660004664,0.7926766997047431,127.070745,74.76474211538462,50.405618310071496,48.47327694271418,7.778800000000001,5.049076923076924,5.035507930512905,1.868974466384124,1.394548507056371,1.1509496955400915,12.606,2.7724615384615388,4.378346464134606,5.341182820046489,89.82534000000001,96.5259153846154,8.421362912893093,1.0908348049895238,0.4572889043571233,0.2058175075235372,400.9733,92.52408461538462,155.72327519180428,166.91358647730937,3.2,4.230769230769231,2.9301560515835217,3.728094582670636,1.5154125173887332,0.8347103928765827,4,3.1153846153846154,1.469693845669907,1.9276867824833337
Tb1Fe1As1O0.8,33.85,4.0,76.42275000000001,79.60294736842106,57.11098873622496,61.06681958795245,1.149669043006064,1.1295435323342748,142.92600000000002,38.45415789473684,52.161640275086256,51.59230119481179,897.28637875,875.3576234210526,855.9402640248938,836.8491082988212,1.3397336556717452,1.3606654037617782,748.14469,127.72582736842108,275.74650338490113,265.368855971694,137.0,141.68421052631578,118.99366166436742,124.81751851008907,1.268075520433466,1.2455088549075024,177,49.10526315789473,63.933559262722106,62.1594322194984,5455.35725,5742.406105263158,853.0872490943507,1194.2539129281777,1.0872956916063057,1.0871823494688548,8217.571,2162.593894736842,3290.3904457347744,3122.2672977270167,70.8682325,67.17895078947367,53.8353893815676,51.17591774894528,1.1648214879075334,1.2101293009654803,125.23753,25.538056052631585,46.16494696578001,44.39769004304551,13.1885,13.859263157894736,6.544403124440658,7.539965573687159,1.054031839129399,1.047573782435003,27.256,7.196,9.735208099984304,9.527010669626067,35.431675,37.29509473684211,5.880963737444843,7.811977573189029,0.8903031644764174,0.8900094862831176,80.3733,21.152273684210527,31.96011709798441,31.71376516210809,4.25,4.157894736842105,4.053600464421103,3.970792935499296,1.339718043094599,1.3569580598756037,3,0.5263157894736841,1.299038105676658,1.2675362714518206
Ba1Fe1.85Co0.15As2,23.525,4.0,81.75675,79.86484,76.28287188066778,75.31645616121092,1.3125958349549796,1.1690322147333756,81.482,28.20081,32.89038174280591,29.946108179434603,743.1757125,784.28507645,724.874908839471,765.0273178596026,1.362739174799401,1.0855659823548724,444.120455,355.98816145,158.07727532721103,163.16314912899773,170.0,160.48,163.4590299324649,154.08284823333963,1.3455183674350106,1.1933785219712696,134,53.16,50.02499375312305,49.089811570223006,6502.75,6173.18,6126.39407758987,5919.789971002488,1.3321690393405774,1.1053141304456082,5390.0,2646.38,2072.768363204147,1670.7885586153625,42.9840675,41.9265919,32.34474945431943,30.44370598152741,1.1478364875754914,0.8110909189304764,64.64495,29.50221845,28.6603085401515,31.010397339497285,16.2075,18.0997,14.4932943968178,16.056283135301776,1.2818495963031755,0.954632316088846,20.58,10.594,7.423076771123951,8.239775294873034,62.25,56.508,52.20287204381002,49.91025508510221,1.2467534385015937,1.0391797587006328,81.6,26.748,30.913225325093467,23.96483123245395,3.25,3.6,3.0800702882410227,3.393458190271589,1.3322449220385326,1.0256831282283223,3,1.91,1.0897247358851685,1.2000000000000002
Bi2Sr2Ca1Cu2O8.16,89.125,5.0,83.2446,58.76793139841688,59.50576109199983,35.81647563208479,1.311509099928557,1.3736488091423666,192.981,24.926253298153032,67.23376511128913,64.00924922327414,780.389977,1009.7567666094988,740.8949298577522,949.2748758275034,1.553232538357343,1.010153393130227,764.450655,668.3297013060686,276.2148974305308,333.15343765375025,146.4,103.27704485488128,130.1387460715622,84.52005939821414,1.5155407646627377,1.5683925781071375,171,16.094986807387862,59.27765177535291,65.13930496173354,4589.6858,2925.835134564644,874.6469218868898,62.09741465414914,1.1614086463107487,1.0992050677885667,9805.571,1293.0303007915568,4011.288379771088,3973.665491338261,71.55327600000001,104.36265656992084,26.19414405934706,62.076979180652046,1.1637865816204207,0.8036395543873538,139.227855,75.76083664907652,58.01047309181226,52.72094029305213,8.152800000000001,4.994923482849605,5.29302227837702,1.8735080790699696,1.4072455447973358,1.4391277885222356,12.606,1.4826490765171505,4.335559866960668,5.153989150199294,129.07934,71.89695725593668,14.343748274238912,0.9368815521704188,0.8729185343178049,0.7785838482521934,400.9733,52.88800316622692,154.40939190263785,137.41673254301529,3.4,4.548812664907652,2.9925557394776896,4.077024153122662,1.4828233752680686,0.9561768824318476,4,3.097625329815304,1.743559577416269,1.8174229817851613
Nb0.4Ta0.6C1,10.27666667,3.0,95.28833333333336,78.8711,58.66677821056659,40.80040481510322,0.7879262157113536,0.7937842510552635,168.937,48.2789,68.98881129735621,73.48768756526498,822.3094933333333,892.1485525,802.1025344832117,870.106300332512,1.0730602809208365,0.9277545022828194,434.278985,412.782127,189.3298668655964,196.05871300110704,155.0,133.1,138.4384291917039,115.52592062729975,1.0055755754243023,1.067065570951716,133,26.5,62.23075338340897,66.10363076261395,9162.333333333334,7842.5,6864.604594027742,5379.553064514434,0.8728237473054772,0.899246753969515,14383.0,3861.5,5886.754416107025,6238.63512717325,79.69661,87.48294949999999,68.83828281541778,75.45508796620985,0.9764806680566892,0.8105182530503159,90.792385,51.6098265,37.34663362964882,39.3198110161193,52.03333333333333,65.19,40.91005465743022,51.60889029571083,0.8590126071552877,0.6250864974992024,80.3,47.22,37.45951889113841,39.81435545126908,80.06666666666666,92.49,73.57731694563276,84.95521937848122,1.0110193163288494,0.8145785401383396,75.3,53.76,34.63585168899737,36.53372277772962,4.666666666666667,4.5,4.641588833612778,4.472135954999579,1.0933747172566466,1.0608569468580211,1,1.0,0.4714045207910317,0.5
Ba0.625K0.375Bi1O3,28.96666667,4.0,100.351,71.493625,65.09190914139778,37.420340094915645,1.0620620853541494,1.0569721040492075,192.981,38.86365,77.51560186504392,79.04908349490445,734.733275,1023.288552375,664.2073382323276,943.85694108114,1.2818630663040962,0.7520342130084321,895.091345,756.946534125,350.0018144493676,363.8962885859184,171.75,107.25,143.32634217532802,83.00848462239078,1.2481044489831044,1.366810363286736,205,13.400000000000002,83.39476902060464,79.99648429774898,3545.10725,2465.6574,453.7803613315087,35.86352772627647,0.7717947751281109,0.5874331778933358,9805.571,1960.5426,3839.5720264773895,3840.7974967511423,73.618055,108.195866875,54.2182122963899,89.27118484965757,1.1564093121638137,0.6728638811831622,127.070745,82.842021,47.57449247654159,45.62740703637781,5.29975,3.5915250000000003,3.0220877679444103,1.3590235619438829,1.0257553060164657,0.9774472609621424,10.856,2.0848750000000003,4.233330862039962,4.416214062902182,32.224175,11.59752,4.475873644998263,0.3508366366127062,0.6339639798282026,0.8752773696551179,102.4733,7.67148,41.09361810295943,26.61749213550367,3.5,4.925,2.7831576837137404,4.408729980024223,1.1973401335967784,0.7678231136199868,5,3.5249999999999995,2.0615528128088303,1.7086178624841777
Bi2Sr2Ca0.8Nd0.2Cu2O8.26,89.25,6.0,93.41083333333334,59.852853211009176,68.96802684961864,36.2308726787458,1.5442561987572376,1.455338439960869,192.981,25.498794233289644,65.45031813117657,64.59347929956253,739.171585,1011.0065018872872,701.3409537129392,950.039161690883,1.7338561981138303,1.0208198120316077,780.8531049999999,704.2246674180865,268.465399069341,333.9690314059761,156.33333333333334,103.07208387942332,140.49150071225483,84.2735325144561,1.709125228906001,1.632749386714495,171,26.002621231979028,58.494064276262726,65.31254664203851,4992.5715,2978.1915819135,1237.2268308079424,61.791176635846895,1.4337015000956768,1.1868792168786115,9805.571,1284.5476055045872,3770.978629533,3991.657795570796,67.66814666666666,105.21202399082568,29.00069977056016,65.19075000746197,1.3900738577007874,0.8299394913466049,139.227855,76.2108838859764,53.663926182276896,51.69703441974718,7.983999999999999,4.9467522935779815,5.563773866434814,1.851565066579596,1.6185526301264188,1.4876331442725312,12.606,1.616775884665793,3.975764077507618,5.139895330716902,110.31611666666667,69.0078992136304,14.682484008688322,0.8857874563325971,0.967802396226849,0.7591564573494939,400.9733,52.54124888597641,147.06747772956032,136.40706992230747,3.333333333333333,4.571428571428571,2.993795165523909,4.109138915957368,1.6831089566088495,0.9766617236035708,4,3.2083879423328963,1.5986105077709063,1.8002683442240297
La1.847Sr0.153Cu1O4,39.25,4.0,76.51750000000001,56.78648499999999,59.30967525776223,35.76582571256202,1.197271366179244,0.9840472991362524,122.906,34.735953571428574,44.28942965595741,52.50956079173776,786.73869,1011.3013800271428,733.5849329709531,939.3583688365064,1.3125461548549562,0.7864278418826829,775.835885,738.8085946464286,315.33805240777724,355.2141937363409,155.25,110.13271428571429,132.05381131325618,85.90986216757025,1.258826828762722,1.1128032332533004,178,54.845,72.997859557661,77.80093802999382,4434.35725,2959.9668571428574,674.4847514452675,53.40758539762802,0.9959827791684114,0.7709899020627269,8958.571,1620.8494285714285,3402.8561958864334,3581.2484246314134,77.5256975,109.64050921285714,43.338499264246416,94.68851324269288,1.069833191761196,0.7639099273549192,136.333305,80.44996488,55.01551094797658,43.649823104703465,6.781,3.9163128571428567,4.041973820125345,1.5345923140941835,1.1113815366420898,1.0272691637060325,12.606,1.701887142857143,4.47818858468466,4.522539250952514,112.481675,61.63678571428572,8.457619954892204,0.6380353917495188,0.4084234280800667,0.2898088178469364,400.9733,57.27045714285714,167.05381009548054,138.73700639763328,3.25,4.549571428571428,2.9129506302439405,4.169976899808589,1.2711814798605796,0.7359018368898864,4,3.384857142857143,1.6393596310755,1.7048166518211072
La1.855Sr0.145Cu1O4,33.55,4.0,76.51750000000001,56.84509642857143,59.30967525776223,35.78466520022181,1.197271366179244,0.9782321648337792,122.906,34.99483928571429,44.28942965595741,52.57252912957477,786.73869,1011.2883683357144,733.5849329709531,939.3358914947992,1.3125461548549562,0.7848610999955281,775.835885,739.4365741607143,315.33805240777724,355.2313183041999,155.25,110.14071428571428,132.05381131325618,85.91295137184481,1.258826828762722,1.1069696071356607,178,55.35357142857143,72.997859557661,77.81249109827013,4434.35725,2963.985142857143,674.4847514452675,53.45942002038039,0.9959827791684114,0.7673425199477794,8958.571,1627.8734285714286,3402.8561958864334,3582.8481160467627,77.5256975,109.68704255,43.338499264246416,94.93573237370514,1.069833191761196,0.7642931080993769,136.333305,80.45525777142858,55.01551094797658,43.55946182542591,6.781,3.914907142857143,4.041973820125345,1.5342749466322076,1.1113815366420898,1.0222528268775484,12.606,1.7103785714285715,4.47818858468466,4.521637960796995,112.481675,61.61175714285714,8.457619954892204,0.6373328299945,0.4084234280800667,0.287747878455401,400.9733,57.27045714285714,167.05381009548054,138.74371258544457,3.25,4.550714285714285,2.9129506302439405,4.171909667739111,1.2711814798605796,0.7346864774023646,4,3.387142857142857,1.6393596310755,1.7034417440905352
Rb2Cs1C60,31.15,3.0,76.79466666666666,16.261920634920635,51.48033243408626,13.280203708403226,0.8392200698585908,0.8111745515035877,120.894,9.329444444444444,49.73435996929644,19.626994037045232,621.7171783333333,1053.4446711111111,547.9312525755519,1035.1571413573713,0.9686207876113804,0.100508280128648,710.7085099999999,1028.72307,328.7843217540828,147.5018201530409,210.0,76.95238095238095,174.25248499468603,71.66722261557726,0.956709234380572,0.5687290888079359,231,59.07936507936508,102.00980345045274,44.63766953986412,1890.6666666666667,2237.4126984126983,1866.7350744629828,2232.1968162662606,1.085975599816271,0.1750450446087754,735.0,2129.31746031746,300.32241933554604,136.8892073059288,71.43106166666666,118.26916888888888,63.84403700769928,116.38870659447412,0.9826222959309008,0.1047476797476298,76.31963499999999,115.33479968253968,35.663300527746614,16.06176803076032,36.428,100.10279365079366,7.83785412602372,87.26715246761879,0.1925563993196835,0.0087386071750439,102.908,99.96679365079363,48.48774338600083,21.90097500921467,74.36666666666666,125.27460317460316,64.59551739416656,123.2533631129421,0.9612624287197736,0.1058296971615066,93.1,122.28730158730156,39.68982517248246,16.81766803620118,2.0,3.8571428571428568,1.5874010519681994,3.7444709698144174,0.8675632281814611,0.0743798135623681,3,3.7936507936507935,1.4142135623730951,0.6388765649999399
La1.8Sr0.2Cu0.98Zn0.02O4,19.06666667,5.0,74.29,56.447382857142856,60.47688589160383,35.65824248341502,1.4518296606872134,1.0326972907265102,122.906,35.53162857142858,39.86339032746714,52.13756122130042,810.66697,1011.837643657143,765.2835773553157,940.0152992633624,1.5504866692120027,0.807682538180723,775.835885,748.2290454571429,286.0781714358816,354.8730298952865,148.6,110.06857142857145,129.97885842494986,85.87993444594161,1.498696436642931,1.1602350009617997,178,57.765714285714296,66.63212438456394,77.72972136624105,4974.0858,2931.1394285714287,1081.0160782349046,53.06948233715804,1.3095959003345536,0.827028219361708,8958.571,1579.5834285714286,3229.3609062237933,3564.2645063799973,62.02055800000001,109.02667164285714,0.2039384408511865,86.12736960599995,1.0698331917685977,0.7581095900815716,140.964585,80.55119142857143,58.163584479907925,44.55672253639169,6.889200000000001,3.9082057142857134,4.551984157772433,1.5339233352277095,1.392475973938103,1.0849919349647548,12.606,1.80608,4.011255085381632,4.505103524159675,113.18534,60.969542857142855,14.278748058350043,0.6399068103972111,0.8319278214382084,0.3375807265894146,400.9733,56.12474285714285,149.42409762706416,137.53534026782097,3.0,4.542857142857143,2.701920077041227,4.158639957801688,1.494365082953388,0.7486629521968011,4,3.4228571428571426,1.5491933384829668,1.7128565471224986
Nb0.75Zr0.25,10.775,2.0,92.065,92.4855,92.06115871528009,92.48261464514188,0.6931054570339542,0.558557780206901,1.6820000000000022,46.87350000000001,0.8410000000000011,0.7283273645827139,646.1118025000001,649.12695875,646.0836607289734,649.1058195508145,0.6931036251012028,0.5584754384442044,12.06062499999996,329.08621375,6.03031249999998,5.22240381775883,202.0,200.0,201.9603921564821,199.9703919258636,0.6929511083349825,0.5704257193778463,8,97.0,4.0,3.4641016151377544,7540.5,8055.25,7469.890896124247,8001.060240979618,0.6837978676804015,0.5032630670747104,2059.0,4799.75,1029.5,891.5731531960796,63.6318575,74.89648125,59.51005205832078,71.60622768972293,0.6290893661386447,0.3998443780578339,45.05849500000001,54.34517625,22.529247500000004,19.51090066314706,23.7,25.05,23.5457002444183,24.93203735061864,0.6866437251210344,0.5134007826746567,5.399999999999999,14.549999999999995,2.7,2.338268590217984,38.2,45.95,34.91403729161095,43.2999284359629,0.6084046597524645,0.3738484380440414,31.000000000000004,34.60000000000001,15.500000000000002,13.4233937586588,4.5,4.75,4.472135954999579,4.728708045015878,0.6869615763973234,0.5146531652289292,1,2.75,0.5,0.4330127018922193
Mg0.97Fe0.03B2,32.96666667,3.0,30.320333333333338,15.624399999999998,24.48209596832957,14.280892173483412,0.9052947192922076,0.8216393465760624,45.034,7.300166666666666,18.87067328481477,7.4824410214849,766.9271033333333,779.9101249333332,766.4927493999649,779.3452271548829,1.0980444545932022,0.6671137075473819,62.90822000000003,526.1307753,25.878772718104106,29.40670150090067,129.33333333333334,106.44333333333331,125.31525756623977,103.22535896068077,1.069412720496315,0.7538811725512311,69,56.44,30.26916289265731,27.51835972986439,3984.0,2200.693333333333,3175.56017412698,2151.403902288492,0.8745961806931204,0.7116559550080702,6136.0,1481.26,2761.602916182316,635.6276472554947,14.247618333333335,18.16780388333333,0.0034894347310123,0.00540810393029,0.6578533554101541,0.0497327420111551,27.0158,18.010533333333335,11.078655515540031,12.608460297480228,24.162333333333333,36.34566333333333,18.04595456641432,27.882778844757897,0.8212829475548975,0.2920867969065068,41.723,33.32856666666667,18.53969230836609,19.60002973390573,87.8,69.244,69.7024650105587,48.12883581966906,0.9059400294104248,0.6327658244215348,129.0,49.636,52.92334078646208,60.20423626290761,2.6666666666666665,2.6766666666666667,2.6207413942088964,2.631389158032104,1.082195529738767,0.611272151773786,1,1.97,0.4714045207910317,0.467748745470139
Nd1.85Ce0.15Cu0.98Zn0.02O4,10.85,5.0,85.8566,59.34911142857142,66.93312282117128,36.49939398611838,1.4239046942997,1.0260483308274038,128.243,37.9343,49.29518377935111,55.86462706010599,806.6531940000001,1010.1078054428572,759.6197513631333,936.9928615299558,1.5481872171703626,0.7958578830632776,780.8531049999999,748.2290454571429,289.81801009438243,357.1751701097993,142.8,104.64,126.5259219547746,83.7459079565207,1.5100942195649778,1.147419683569114,162,54.09428571428572,60.2474895742553,69.73920070007767,5974.2858,3272.518,1340.746431506495,56.4060334961992,1.3801954329863615,0.8615928950992376,8958.571,1851.0334285714289,3086.479740469158,3825.371637891558,71.321712,111.01701935714286,0.3299280782527266,93.56838401781968,1.2743990315071234,0.8096567460353388,140.964585,80.55119142857143,51.55699786977153,41.02293521811721,6.683200000000001,4.105634285714285,4.402534948138194,1.5797109317313087,1.3830264289999272,1.0179271716248548,12.606,1.86608,4.039225391086761,4.622114504728814,108.96534,61.08954285714285,11.828650561464034,0.6539308435760177,0.7417204115396252,0.3183702197177564,400.9733,56.12474285714285,151.84842054253446,137.45305334970456,3.2,4.571428571428571,2.9301560515835217,4.207096763645163,1.5154125173887332,0.7589934617162287,4,3.4228571428571426,1.469693845669907,1.6781914463529617
Ba1Fe1.85Ni0.15As2,13.93333333,4.0,81.69675000000001,79.85764,76.20508899630933,75.30723632809996,1.3123000697178724,1.1687938797485766,81.482,28.20801,32.93215542881303,29.95116842045399,737.36249125,783.5874899,719.2685561387,764.3148617093838,1.3626432111461428,1.0833698089021335,444.120455,356.685748,157.76428096976167,163.31342172460248,169.25,160.39,162.64644952573997,153.99073016233004,1.34480750139686,1.192044642340787,134,53.25,50.310908359917335,49.1080227661428,6504.75,6173.42,6127.7703315411245,5919.949536235684,1.332089098888054,1.1053932429010205,5398.0,2646.1400000000003,2075.083055566692,1671.1807632928285,54.92408625,43.35939415,37.19571274215313,30.95852139302645,1.0752448655279998,0.8767678019862766,97.64282,28.636748,41.78075545615639,33.02477861149705,16.445,18.1282,14.701254347593544,16.083756562159017,1.283054569336223,0.958774631750005,20.58,10.5655,7.434226590574165,8.234796704230165,59.97500000000001,56.235,50.97243350953929,49.76760094252894,1.2583616840684904,1.029756356486869,72.5,27.021,28.273518970938163,23.515447582387203,3.0,3.57,2.7831576837137404,3.352430359696528,1.308605386853449,1.001749617135375,3,1.94,1.224744871391589,1.2268251709188234
La1.875Ba0.025Sr0.1Cu1O4,29.65,5.0,88.6794,57.16915,70.15386835114043,35.88935789068832,1.445330639151073,0.9893830571502584,122.906,36.71624285714285,46.485375225332966,52.91550052819049,729.9669160000001,1011.0894024821428,680.2258999583532,938.9824489498856,1.532617330216607,0.7847277800416782,811.05291,749.0227035,304.0437585767752,355.50125732294373,174.8,110.28214285714286,150.39204209729874,85.96497156626896,1.496109343555189,1.1136897621372923,205,59.63214285714285,76.10361358043389,78.03732419065082,4249.4858,2977.1737142857146,938.0783908488428,53.64449660620501,1.2796371507508266,0.7709920300246106,8958.571,1645.4334285714283,3065.983373080578,3586.9072410828367,64.799326,109.83645646428572,34.51942503452869,95.93227162832189,1.2009555169073225,0.7678313449536349,136.333305,80.50157057142857,55.4004267322698,43.25568080275728,6.8488,3.910285714285714,4.526586206887741,1.5332484252447751,1.3914907597446422,1.0249678311716084,12.606,1.838857142857143,4.007708292777807,4.518557820312827,93.66534,61.48847142857143,9.880117227153926,0.6340961899557825,0.5580542891006853,0.2814464916120588,400.9733,57.27045714285714,154.08373770538668,138.77560344012934,3.0,4.553571428571429,2.701920077041227,4.176745507731537,1.494365082953388,0.7354367503883146,4,3.421428571428572,1.5491933384829668,1.6999962484952604
Lu0.75Th0.25Rh4B4,11.93,4.0,130.1805,71.5669722222222,81.97953599972115,40.4144819533261,1.1275168789122678,1.00841236489276,221.227,40.93111111111111,82.7250820020748,60.69056606923999,663.0931625,736.2261123611111,654.5592517517618,731.4328047838833,1.37352488292621,0.9677029591736246,277.10492,338.9330440277777,105.56386106051708,78.66570261997367,178.5,140.2222222222222,166.79896785018806,131.0285464704357,1.327995803202371,1.092463657826333,150,70.30555555555556,57.67798540171111,49.8782468233682,9077.75,7701.194444444444,7607.441486180029,5789.78492804675,1.262458103897934,0.8816863385157245,10070.0,5190.0,4002.037004763949,4843.46980663108,46.24043625,64.78431722222221,0.061491767433502,25.441762502819,0.9413305270602376,0.6987985991217276,109.703445,48.757086666666666,40.43305059724275,40.86730758221449,26.04,33.80444444444444,22.96168067345129,30.59321645363245,1.2533513736222937,0.8237960228642391,36.39,21.9275,14.217086551048356,14.73107721120452,61.85,81.53333333333332,43.51842385713228,56.58122943580933,1.057233452677868,0.5886530455360948,133.6,65.3,52.70737614414134,61.4794997449466,3.25,3.0277777777777777,3.2237097954706257,3.024069549866626,1.3778195076390327,1.0495543434102166,1,1.222222222222222,0.4330127018922193,0.1643355495305448
Nb1Se2,6.814619048,2.0,85.93299999999999,83.60866666666666,85.64962206571609,83.35903540660252,0.6898513338153476,0.6591683289639563,13.946000000000012,21.67133333333333,6.973000000000006,6.574207446951734,796.5319175,844.6618516666667,783.3356116826544,832.6894809270102,0.6766260284246485,0.5702755644370505,288.77960500000006,409.9004416666667,144.38980250000003,136.13201130924844,159.0,146.0,154.14279094398154,141.79989005610008,0.6627561586450714,0.6885426232367295,78,14.0,39.0,36.76955262170047,6694.5,6069.333333333333,6426.416575355197,5838.458866599087,0.6533734896847492,0.6914259566426751,3751.0,356.0,1875.5,1768.2383574871596,140.578645,158.717825,129.61900620813452,148.52098807494696,0.6162320367969374,0.472834558700723,108.83508,101.27708833333332,54.41754,51.30534873265359,16.547,13.262666666666664,13.293667665471403,10.576089425402516,0.5035364309939527,0.6386753103443792,19.706,4.337333333333333,9.853,9.289497486708068,27.1095,18.246,5.27923289882157,2.4365182413137902,0.0540267837311696,0.0939756239910536,53.181,17.554,26.5905,25.06976382018786,5.5,5.666666666666666,5.47722557505166,5.64621617328617,0.6890092382766586,0.605797499172304,1,2.333333333333333,0.5,0.4714045207910317
Mg0.95Al0.05B2,36.46666667,3.0,20.69933333333333,15.353616666666666,19.21078936461552,14.187267647160812,1.0336691205723754,0.8045858331327879,16.171,7.246883333333333,7.077001923288012,6.433055202342732,705.30535,776.9937049999999,698.727677798481,775.9169271281639,1.0895182406080228,0.67367090242955,223.07332,524.1290331666667,93.91012813524355,39.03534765243431,116.66666666666669,105.88333333333333,114.17992517149489,102.7962809266864,1.0776440551523725,0.766058717693493,58,56.03333333333333,23.697163449568293,26.92030935103747,2258.6666666666665,2155.333333333333,2222.128613338355,2134.7336626163988,1.082837860844939,0.6632896591376859,960.0,1515.0333333333333,396.1155835807972,287.7421685390509,23.18856166666667,18.71969808333333,0.0048622663017434,0.0065297045053023,0.6680040761483956,0.1611579493115239,42.549885,18.010533333333335,17.58046251426866,12.89638510025452,23.12933333333333,36.329566666666665,16.580284305141284,27.85541734958793,0.7794468533264804,0.2942302381597092,41.723,33.28815,19.16356672322654,19.61776903758993,140.0,71.35,99.94143237169236,48.78778538221452,0.8671704586867692,0.7621955337557822,210.0,45.45,86.47543003651384,63.543115284033725,2.6666666666666665,2.6833333333333336,2.6207413942088964,2.63851169008556,1.082195529738767,0.6340557928245095,1,1.95,0.4714045207910317,0.465176191231762
Mg1B1.81C0.19,30.335,3.0,15.708999999999998,15.385,14.668314733445746,14.257311192992708,1.0276497881493798,0.8501984995643881,13.494,7.340969999999999,6.0980003279763775,6.313931897003641,874.92598,797.7630661000001,862.5319132987916,794.296471959022,1.0840066285764904,0.8778951007386391,348.6967900000001,414.24162343333336,151.7388115013271,80.52124555140863,99.66666666666669,105.06666666666666,94.54836414638156,101.4574682141041,1.0453438925785568,0.8335095429520845,78,48.24666666666667,33.079029946814074,28.640220359177096,2115.0,2134.71,2096.8742340847257,2114.894726448663,1.0903070515950457,0.8089370991977138,602.0,1268.2233333333336,268.2399423401867,281.0602294289725,49.62545166666666,24.017367816666667,0.006904946660633,0.0045974190590159,0.4736071973403113,0.6278783202405871,121.860555,16.299532666666668,52.25511762875803,28.35508124750458,54.559000000000005,39.763,35.48502098998265,29.074614112035693,0.8006011377447559,0.6943230170773032,96.523,27.46166666666667,39.52571351242968,25.720247678952603,104.0,76.46000000000001,81.60047577577268,53.49358270039049,0.9235130186771092,0.8305738092382242,129.0,43.83,55.5517776493246,61.31580872825539,3.0,2.73,2.8844991406148166,2.6689285966597494,1.0608569468580211,0.8373520104205964,2,1.5566666666666666,0.816496580927726,0.5690049794744038
Bi4Ca3Sr3Cu4O16,88.16666667,5.0,83.2446,57.6394,59.50576109199983,35.19596160238287,1.311509099928557,1.3877534122674051,192.981,23.8562,67.23376511128913,64.06245508907693,780.389977,1007.8565806666668,740.8949298577522,948.2250190546988,1.553232538357343,1.0267853235462658,764.450655,645.8159151666667,276.2148974305308,331.66439017949,146.4,103.03333333333332,130.13874607156208,84.68881290824706,1.515540764662738,1.5995451771963445,171,8.533333333333335,59.27765177535291,63.90382530716678,4589.6858,2921.0288,874.6469218868898,63.51727015051175,1.1614086463107487,1.100187657231795,9805.571,1306.8378666666663,4011.288379771088,3990.9119724685015,71.55327600000001,103.875751,26.19414405934706,59.55693916793629,1.1637865816204207,0.807213036856051,139.227855,75.007439,58.01047309181226,53.048494236901256,8.152800000000001,5.080466666666666,5.293022278377018,1.911352460074662,1.4072455447973358,1.4512604926568322,12.606,1.5032,4.335559866960668,5.180731703362202,129.07934,78.18357333333333,14.343748274238912,1.0311130827335322,0.8729185343178051,0.8092024690306651,400.9733,53.45242666666667,154.40939190263785,139.64722706772932,3.4,4.533333333333333,2.9925557394776896,4.060255213473633,1.4828233752680686,0.9697966659995266,4,3.0,1.743559577416269,1.8208667044996885
Mg0.7Li0.3B2,31.55,3.0,14.019,13.572599999999998,12.217842219732956,12.494391075244414,0.9634208581226262,0.8527911755534208,17.364,6.513233333333333,7.442919319729323,6.029797993299609,686.20132,757.9154043333333,674.8061061408661,752.3473779460994,1.0826530972927504,0.7674661566494222,280.38541,481.7303079999999,120.12481955344644,83.42810451139538,133.0,108.53333333333332,128.19406191490333,104.61734222896084,1.0644868159694871,0.9862100434887504,80,41.3,33.7441352929167,31.004014077033457,1537.3333333333333,2018.9333333333327,1294.9975959367623,1883.2572331702795,0.96166318267779,0.6177543149122952,1806.0,1506.6,750.8259156126376,554.6537017715548,28.881176666666665,23.973306333333333,0.0054411249972637,0.0628960515813998,0.6205364872870585,0.5609306447979892,59.62773,18.010533333333335,24.378628192464443,16.35225270016693,20.559,35.74463333333333,10.848150916248716,25.00946758333008,0.5873980098867091,0.2619355192689681,47.2,33.16666666666667,21.078283342498903,20.494269393309818,89.33333333333333,62.9,71.00720683308451,45.59460681888998,0.9104254529171194,0.9450508147761346,129.0,27.9,52.75309364282713,54.134000406398926,2.0,2.5666666666666664,1.81712059283214,2.4452381830830703,1.0114042644073518,0.6307753798141515,2,1.9,0.816496580927726,0.6674994798166928
La1.85Sr0.15Cu0.99Ni0.01O4,30.675,5.0,72.9526,56.80153142857143,59.18582402976206,35.768829693166765,1.4457929583507043,0.9901568799483912,122.906,36.62676,40.25017902370124,52.532621034340025,776.820032,1011.2846467714286,734.2956479260066,939.3349187977968,1.5493556968113702,0.7916704676737063,775.835885,749.765638,282.7436806422876,355.2296253860009,154.0,110.1657142857143,135.28137409761914,85.92966728977132,1.50650331881979,1.121345744487831,178,59.51571428571428,65.33911539039995,77.81620082093498,5329.0858,2961.399428571429,1130.1439129964454,53.4265732466971,1.3002028515144444,0.7937164402698048,8958.571,1623.4834285714285,3530.6799550010987,3581.725050853124,84.32789,109.64707019285714,52.35794852072084,94.77219455464656,1.3645721999222422,0.7721787217952838,136.333305,80.45194971428572,51.05334902943949,43.61454348690447,8.854800000000001,3.9216428571428574,5.396691865385785,1.5350723155089163,1.3484289622545207,1.058267965958145,16.706,1.8211428571428567,5.765927866354208,4.536660195517385,108.16534,61.1844,13.59913576592451,0.6364210131352241,0.7925995863168404,0.3056297357591292,400.9733,56.6976,149.66664078966426,138.14900952441585,3.0,4.55,2.701920077041227,4.170701582828764,1.494365082953388,0.7389661137466836,4,3.4257142857142857,1.5491933384829668,1.7043012812125846
Sr1Fe1.85Ni0.15As2,8.93,4.0,69.27000000000001,69.91624,68.10763558577129,68.83450173985683,1.369290957611642,1.162902827450464,31.77500000000001,28.20801,12.852734709002595,12.237092570639485,749.013055,792.9079409,735.382693983916,777.9831100153314,1.368387064746649,1.0943082877070789,397.5182,356.685748,140.82991385940528,147.6011950409522,160.75,153.59,156.88285557813018,149.60954321779835,1.361497847901559,1.1915783714021098,100,53.25,36.38938718912425,36.56585702537273,6284.75,5997.42,5701.178485882674,5587.888492140811,1.304385828560054,1.0704224682210293,6278.0,2646.1400000000003,2401.845059011925,1963.2302421264808,52.60844625,41.50688215,28.2626298947336,24.85169181282556,0.9821558212377988,0.7741258141580494,106.90538,30.48926,44.1785089287613,34.835811896351984,16.5225,18.1902,14.858726759838532,16.221434422193934,1.287375740301194,0.9641104313560468,20.27,10.5655,7.337599658607711,8.152437424476192,64.22500000000001,59.635000000000005,60.03185008033349,56.7262133190352,1.3233125298504749,1.10751696287682,55.50000000000001,27.021,22.36496981889312,18.491573080730586,3.0,3.57,2.7831576837137404,3.352430359696528,1.308605386853449,1.001749617135375,3,1.94,1.224744871391589,1.2268251709188234
Mg0.8Al0.2B2,28.71,3.0,20.69933333333333,15.487466666666664,19.21078936461552,14.261581481115174,1.0336691205723754,0.9705717828005668,16.171,5.408533333333333,7.077001923288012,6.642355394152154,705.30535,768.9854499999999,698.727677798481,766.4791531534898,1.0895182406080228,0.7521265544879612,223.07332,495.2510726666666,93.91012813524355,58.06227552217819,116.66666666666669,104.53333333333332,114.17992517149489,101.74266351870838,1.0776440551523725,0.8893889940575944,58,50.13333333333333,23.697163449568293,25.567861771285365,2258.6666666666665,2203.333333333333,2222.128613338355,2182.19374804546,1.082837860844939,0.776933842762161,960.0,1380.1333333333332,396.1155835807972,294.1216679463714,23.18856166666667,20.847192333333336,0.0048622663017434,0.0249079765241953,0.6680040761483956,0.3977631087633977,42.549885,18.010533333333335,17.58046251426866,13.140131372170126,23.12933333333333,36.44126666666667,16.580284305141284,28.18311946420058,0.7794468533264804,0.3277140545465136,41.723,32.7526,19.16356672322654,19.46462585124329,140.0,75.4,99.94143237169236,49.818688697285765,0.8671704586867692,0.9975577302448472,210.0,25.800000000000004,86.47543003651384,70.95801575579745,2.6666666666666665,2.7333333333333334,2.6207413942088964,2.692548814904389,1.082195529738767,0.7387600993480229,1,1.8,0.4714045207910317,0.4422166387140533
La1Fe1As0.4P0.6F0.05O0.95,24.12,6.0,55.94050000000001,64.86303749999999,41.977663191529366,48.47211518331609,1.5257800762481764,1.290006096662089,122.906,34.488775,42.47903909282789,46.547233954995576,1042.3917783333334,904.6783358125,976.7401776817076,856.3413037689901,1.7290332945854816,1.601794902159621,1142.9613099999997,291.0457964375,370.66547429372446,296.42770366396775,114.83333333333331,134.025,96.92060141962662,115.5133760324718,1.638781578036398,1.4121052881722869,184,55.975,63.40982223248663,65.69816873399135,3595.520883333333,4351.510591249999,327.0941559455634,669.5710189471048,1.2878565695002284,1.168001994392661,7872.571,1968.47879625,3117.916836194695,3128.259315528643,113.46635999999997,71.514682,75.60334670322709,52.88605918807815,1.4321941679709873,1.4989266422907672,312.41842999999994,29.5473251875,103.25502958112702,54.06471435916004,8.220166666666668,7.982875000000002,2.6582588932168263,3.255571267977479,1.0883365602074448,1.1651346134294298,27.256,3.4461250000000003,9.932338972881574,8.390861108037424,24.0651,28.53709,1.4573152189778107,2.765483703453754,0.9286380742051096,0.8153441080239313,80.3733,20.09965125,30.799710386192487,33.154932178687986,4.833333333333333,4.262499999999999,4.598031774161057,4.0614188103646764,1.7446068392104332,1.6146238446457009,4,1.3375,1.4624940645653537,1.32045210060797
Pr1Fe0.925Co0.075As1O1,15.03333333,5.0,69.3214,71.9764,56.10429884467304,55.474552030388594,1.434380101034247,1.2329974751900696,124.909,34.12200625,40.71564459320274,45.13085566150945,862.3636329999999,887.8169790312501,824.4594269501403,841.258874509022,1.5645910508016263,1.391104708956424,785.870325,314.22571465625,262.0000343781051,287.34228229282814,144.4,142.425,127.3182520783388,121.74213637780927,1.5034106790430712,1.3239762794907293,199,58.9,64.27627867261762,71.72530498366667,5855.0858,5113.09475,1311.7926128767983,814.669342216213,1.3734952664052975,1.2024688020501748,8898.571,1820.50525,3113.576317202865,3057.2758974342973,69.44990299999999,71.7691611875,55.69119526676832,55.26728346328196,1.4277892471237923,1.222915011057722,125.23753,34.04533528125,41.3885068221228,45.54473974573413,13.0088,12.2558125,7.170643490874566,5.866359651789901,1.310614830761304,1.0830253928598348,27.256,6.814,9.186631034280197,10.12712778085888,48.62534000000001,36.149175,10.613929730403768,6.083054523687856,1.2106644408473386,1.0759698824596995,99.9733,18.585825,38.257893988854114,32.32099665916686,4.0,4.25,3.816778909618177,4.053600464421103,1.5614694242764,1.386727065924232,3,1.44375,1.2649110640673518,1.299038105676658
Ba1Fe1.892Ni0.108As2,15.88,4.0,81.69675000000001,79.8337168,76.20508899630933,75.27577803285268,1.3123000697178724,1.1525061100059282,81.482,28.701031200000003,32.93215542881303,29.96919589404757,737.36249125,783.799834088,719.2685561387,764.5313720391349,1.3626432111461428,1.0619207901190946,444.120455,362.87776936,157.76428096976167,163.26932679838717,169.25,160.4488,162.64644952573997,154.05012682927645,1.34480750139686,1.1707234738809524,134,55.81199999999999,50.310908359917335,49.09853947481534,6504.75,6164.734399999999,6127.7703315411245,5913.817149440073,1.332089098888054,1.0748914291860503,5398.0,2787.1087999999995,2075.083055566692,1659.592624187225,54.92408625,42.55459346799999,37.19571274215313,30.453256487230263,1.0752448655279998,0.8399067294558675,97.64282,29.006324144,41.78075545615639,32.51703728110612,16.445,18.100144,14.701254347593544,16.05451903541277,1.283054569336223,0.938719459740396,20.58,10.70956,7.434226590574165,8.24376645831649,59.97500000000001,56.1468,50.97243350953929,49.716313759299055,1.2583616840684904,0.9956312915837764,72.5,28.45992,28.273518970938163,23.404693754886008,3.0,3.5784,2.7831576837137404,3.3638678919461493,1.308605386853449,0.98763633145753,3,1.9568,1.224744871391589,1.21944800627169
Sm1Fe1As0.5P0.5O0.85,19.35,5.0,65.62,70.84471428571428,49.97619889761975,52.745027156076496,1.3663346023925569,1.2380708603998427,134.36100000000002,35.5222987012987,46.95856553601271,50.72888382470273,915.951402,883.9604845454545,878.325694207499,840.6463773754998,1.5694007172177995,1.5517926809701368,769.37139,167.1019955844156,256.9235466144491,277.8726496299612,131.8,141.11688311688312,115.75590800251078,121.9750322879416,1.4921831476924834,1.3734816943044654,190,51.220779220779214,63.5496656167442,68.66462330910397,4589.0858,4979.276532467531,975.5103158015968,921.6325629328462,1.2808695865078574,1.162009519448947,7872.571,2044.879311688312,3142.406518680637,3269.592563942516,71.109445,67.29766097402596,57.07032785328588,51.27856367612959,1.432837689949583,1.400038576070548,125.23753,27.037101883116883,41.29400194414741,44.750417566372114,10.2482,9.609324675324675,3.9511772865454615,4.217602073894018,1.0828948498143636,1.1639214165986351,27.256,3.5120779220779217,10.079521504515975,8.734403916564817,28.83254,30.893687012987016,3.2051394838112413,3.79156244945606,0.9249607719950742,0.8465049231558809,80.3733,20.87722207792208,31.6372236286056,33.13326828744221,4.4,4.181818181818182,4.227335859913,3.992137346432816,1.5711965586893162,1.5687413743473204,3,0.6753246753246753,1.2,1.2764324545772066
Y0.9Pr0.1Ba2Cu4O8,72.025,5.0,89.3372,50.06241333333333,70.56035258852464,34.61804980138556,1.444535308973285,1.3493091666952168,124.909,17.37088,46.917868295138895,42.757617253098765,738.0330620000001,1006.1108454,689.6608171968622,942.4213308514225,1.535931570056902,0.8917340875516262,811.05291,697.2437066333333,300.06511975168064,337.41233300122616,177.6,107.83333333333334,152.09709122265988,86.00668049557095,1.492529994371754,1.3850274939980616,205,32.486666666666665,78.66536722090605,74.8848375099318,4743.2858,3171.5688,1063.6188979110775,71.43465007362205,1.323573397766869,0.7672066601143676,8958.571,2388.5712000000003,3032.497786961528,3807.625200737125,70.376159,110.90822103333332,50.65442738088957,89.47894876972518,1.341507660004664,0.7732234756228119,127.070745,74.85949533333333,50.405618310071496,46.66370883485123,7.778800000000001,5.395466666666667,5.035507930512905,1.959193229264888,1.394548507056371,1.0280556429372087,12.606,3.434066666666667,4.378346464134606,5.591756311651008,89.82534000000001,110.51624,8.421362912893093,1.2736926873283143,0.4572889043571233,0.1666336378046171,400.9733,106.91909333333334,155.72327519180428,175.30077336719611,3.2,4.2,2.9301560515835217,3.691765288866927,1.5154125173887332,0.804738753711739,4,3.18,1.469693845669907,1.9390719429665315
Sm1Fe0.9Co0.1As1O1,15.96666667,5.0,71.21180000000001,74.35870000000001,56.8375661246905,56.40129290391534,1.4196842298679897,1.2274961478803847,134.36100000000002,36.116675,44.07621558800166,48.77152369374982,865.6634200000001,891.929049125,829.5481507584585,847.7402913846902,1.5665799198221912,1.4059456671584805,769.37139,309.473225375,257.83973064412095,282.2271242006225,142.6,140.14999999999998,126.37660039996992,120.59808546389908,1.5086944061173486,1.347729325600485,190,55.7,61.44135415174375,68.4720928554108,6004.4858,5306.25725,1339.5302758781563,836.8989647669514,1.3747327968709722,1.220990191818195,8898.571,1879.64275,3171.421083048822,3179.793838809788,69.44990299999999,72.06947075,55.69119526676832,55.75299534664449,1.4277892471237923,1.2355547934299338,125.23753,33.646731625,41.3885068221228,45.33213987034433,13.356800000000002,12.705750000000002,7.50095302357553,6.212263045714235,1.3322613309064897,1.127531377890307,27.256,6.814,8.97885966924531,9.926079207698274,48.78534,36.471675000000005,10.746437906250083,6.186560521011529,1.2163300598323616,1.118524709749976,99.9733,18.083325,38.10785671829892,32.38032737507259,4.0,4.25,3.816778909618177,4.053600464421103,1.5614694242764,1.3970856265342664,3,1.425,1.2649110640673518,1.299038105676658
Nd1.85Ce0.15Cu0.993Ni0.007O4,6.366666667,5.0,84.5192,59.33901842857142,65.50423307437991,36.49352769073746,1.4159431334219887,1.0165325274969723,128.243,38.062407,49.91934002528479,55.86399267643134,772.8062560000001,1009.63968779,728.8611620703938,936.459201485398,1.547171729800284,0.7874658921355073,780.8531049999999,750.0815574571428,286.05251212195645,357.41815603004966,148.2,104.67814285714286,131.6875743365079,83.77012116206791,1.516366894549818,1.1394214937494531,162,54.29385714285714,59.34441844015325,69.75438937121463,6329.2858,3277.686,1401.6779666338252,56.44246762602862,1.3782824567851617,0.8460436240750524,8958.571,1851.0334285714289,3294.4110657789142,3831.800234578147,93.629044,111.34985125642856,84.70378249729613,101.29864571186064,1.519827537805038,0.8189110959823731,92.722085,80.43965476857143,38.29618853609004,40.59162680202565,8.6488,4.1261,5.219509497001595,1.5827538007451307,1.3340188824941128,1.012696088462195,16.706,1.86985,5.854991525186009,4.653245803123419,103.94534000000002,61.59372857142857,11.265653281063384,0.655279143734795,0.6983167983933112,0.2943720764880163,400.9733,56.86945714285714,151.9477424474033,138.2025117232184,3.2,4.571428571428571,2.9301560515835217,4.207096763645163,1.5154125173887332,0.755472789545114,4,3.4265714285714286,1.469693845669907,1.6781914463529617
Ba1Fe1.852Co0.148As2,22.78,4.0,81.75675,79.8636048,76.28287188066778,75.31483472956059,1.3125958349549796,1.1683015906257386,81.482,28.2243832,32.89038174280591,29.947035210247723,743.1757125,784.2858869240001,724.874908839471,765.028132183455,1.362739174799401,1.084587763506062,444.120455,356.292320764,158.07727532721103,163.16303550730515,170.0,160.4816,163.4590299324649,154.0844491924284,1.3455183674350106,1.192412419634744,134,53.2832,50.02499375312305,49.089600338972005,6502.75,6172.7696,6126.39407758987,5919.4999437180895,1.3321690393405774,1.103955285399432,5390.0,2653.0896,2072.768363204147,1670.2446334940998,42.9840675,41.907372088,32.34474945431943,30.42666223457032,1.1478364875754914,0.8098760626817811,64.64495,29.527729084,28.6603085401515,31.01173924768569,16.2075,18.098744,14.4932943968178,16.055258017542013,1.2818495963031755,0.9537710273770366,20.58,10.60048,7.423076771123951,8.240134286676643,62.25,56.50016000000001,52.20287204381002,49.90589998628414,1.2467534385015937,1.0376057133882228,81.6,26.82016,30.913225325093467,23.953805208659443,3.25,3.6,3.0800702882410227,3.393458190271589,1.3322449220385326,1.0248432807399048,3,1.9112,1.0897247358851685,1.2
Ga20Nb80,16.26666667,2.0,81.31450000000001,88.26940000000002,80.48406698222946,87.72234300578899,0.6829520277717434,0.4363012384856022,23.183000000000007,60.38020000000001,11.591500000000003,9.273200000000005,615.477815,637.476395,614.3847897390397,636.7684404308189,0.6913718092781665,0.473803880811725,73.32860000000005,405.9509890000001,36.664300000000026,29.331440000000025,160.0,182.8,155.42200616386344,179.72318993256312,0.6646727470469744,0.3929474314571231,76,134.0,38.0,30.4,7240.0,8038.0,7116.790006737595,7956.135184564798,0.6761778251453154,0.4175603471829711,2660.0,5674.0,1330.0,1064.0,57.5533025,74.71798400000002,49.93972631860832,69.27319511531468,0.5639409574221625,0.2725694576985431,57.21560500000001,63.13978400000001,28.6078025,22.886242000000006,15.995,22.238,12.148086269038428,19.353766768218364,0.4633263208360276,0.1993221275293336,20.81,20.002,10.405,8.324,47.150000000000006,51.08000000000001,46.692826001431946,50.77905744343115,0.6834667495070907,0.4379518322073359,13.1,34.84,6.55,5.24,4.0,4.6,3.872983346207417,4.514402257237172,0.6615632379579821,0.3872123749863605,2,3.4,1.0,0.8
Fe1Se0.88,8.843333333,2.0,67.4025,66.66478723404255,66.40422576914813,65.67422981941152,0.6783733166152388,0.687213312578428,23.114999999999995,7.255212765957449,11.557499999999996,11.533931945565804,851.6730950000001,845.9763742553191,846.983909931286,841.3167235700423,0.68764639302385,0.6922966461069067,178.49725,34.886512553191494,89.248625,89.0666292005471,138.0,139.14893617021278,136.82105101189654,137.97150834943602,0.6846162776013047,0.6744715844546492,36,26.808510638297875,18.0,17.96329439932377,6346.5,6444.0,6159.935551610907,6257.223272615178,0.6638964915312195,0.6474756577259048,3055.0,1932.595744680851,1527.5,1524.385121942615,105.36162,99.64026478723405,55.37793537398424,51.10244682106509,0.2654632361134127,0.2883279005665978,179.26913,82.90935521276596,89.63456500000001,89.45178219168459,10.252,10.479106382978724,9.614787569156167,9.839594061659746,0.631652599612977,0.6100234754944174,7.1160000000000005,4.212382978723404,3.5580000000000003,3.5507445262663326,40.459500000000006,43.00889361702128,6.459690395057645,7.587665045505333,0.0387785162127935,0.0348712683010912,79.881,42.52302127659575,39.9405,39.85905333089951,4.5,4.404255319148936,4.242640687119285,4.149816682683354,0.6365141680948128,0.6547407143377157,3,1.2127659574468086,1.5,1.4969411999436475
N1Nb1,13.54416667,2.0,53.456500000000005,53.456500000000005,36.07401200310274,36.07401200310274,0.3883079769371024,0.3883079769371024,78.899,39.4495,39.44950000000001,39.44950000000001,1027.2275525,1027.2275525,956.2987813390616,956.2987813390616,0.6249157354937143,0.6249157354937143,750.1708750000001,375.08543750000007,375.08543750000007,375.08543750000007,127.0,127.0,105.29957264870544,105.29957264870544,0.5275052638315826,0.5275052638315826,142,71.0,71.0,71.0,4285.6253,4285.6253,103.52604503215603,103.52604503215603,0.0014346201053694,0.0014346201053694,8568.7494,4284.3747,4284.3747,4284.3747,43.0805525,43.0805525,9.282300630770364e-05,9.282300630770364e-05,0.0,0.0,86.161105,43.0805525,43.0805525,43.0805525,13.56,13.56,4.359816509900388,4.359816509900388,0.1225322689267642,0.1225322689267642,25.68,12.84,12.839999999999998,12.839999999999998,26.863000000000003,26.863000000000003,1.1816090724093142,1.1816090724093142,0.0041779798937343,0.0041779798937343,53.674,26.837,26.837000000000003,26.837000000000003,5.0,5.0,4.999999999999999,4.999999999999999,0.6931471803599453,0.6931471803599453,0,0.0,0.0,0.0
Sm1Fe1As1F0.15O0.85,44.48888889,5.0,63.2248,74.3939625,45.32161103685058,56.689518385330544,1.3208764835893616,1.1916895932642932,134.36100000000002,36.877575,48.92875440638153,48.66714621961199,1049.795394,905.7469071875,972.1872505350758,855.6665948242799,1.535615479485187,1.5117905104839706,1136.4968149999995,216.1710243125,404.1463941362418,310.03532903639814,120.6,140.02499999999998,97.7119789102333,120.07365774440788,1.4239844837288589,1.290080443595366,196,57.925,72.78351461697903,68.80406510519563,4224.82506,5280.61727375,241.5322154879813,839.7225327001981,1.0908009503142,1.0900991506624025,7872.571,1968.43638875,3524.2893179038147,3154.7239181916684,122.323683,77.88751625,77.28008186736845,55.56850645501299,1.2303489037892288,1.4459856634182788,312.41842999999994,26.0232105625,110.88559603174085,66.18051231099442,10.2188,12.648475,3.7560163830812825,6.219762815160752,1.0731313575556134,1.0322627239115847,27.256,6.905875,10.107629482722446,9.909009805443478,28.79092,35.98172,2.091150905448997,6.163063641203202,0.9159938700334814,0.9144108289280324,80.3733,20.09895375,31.67493052578964,31.55294766770769,4.8,4.2875,4.5216022974376,4.077100770032591,1.552604198475667,1.500935798815652,4,1.0125,1.6,1.3619264848001158
Y1Ba2Cu2.88Zn0.12O7,49.80666667,5.0,74.2316,51.26239076923077,60.51493837928329,34.94397677434407,1.4537453038493755,1.3409743793453188,121.328,20.52372307692308,39.44600382598978,44.19736668728553,813.6965990000001,1004.521366353846,768.3526154977183,937.9626391737528,1.5511393822629336,0.9225327236377736,811.05291,699.1356537846153,284.8942159246556,343.24954132243425,152.6,110.56,132.08499496118975,87.10242894318534,1.4884874925914342,1.3853220502433927,205,37.79692307692308,72.2373864422018,78.03171110812282,4815.2858,2935.5971538461536,1074.692640319266,66.20266761428971,1.322243901787676,0.9146071945196136,8958.571,1984.2151538461533,3083.6759999595547,3615.4058238916086,60.727659,106.71834753846154,0.2333089768695859,65.14273615147977,1.091487315226884,0.7483389013449815,140.964585,75.90400730769231,57.79458265221416,50.53469566927065,7.8652000000000015,5.1692800000000005,5.097126180865521,1.8953217631147448,1.3979653027464536,1.1534985306518302,12.606,2.8234892307692308,4.364194422800158,5.420946055247893,110.52534,94.0759153846154,13.148977390964657,1.0917368636061855,0.7821633045399177,0.2717874825239744,400.9733,88.82254615384615,150.87222859248283,164.2327037771375,3.0,4.230769230769231,2.701920077041227,3.728094582670636,1.494365082953388,0.815223544598859,4,3.2123076923076925,1.5491933384829668,1.9276867824833328
Ce1Fe1As0.7P0.3F0.05O0.95,18.15,6.0,56.14233333333334,68.4618875,42.03843766086129,51.90453917246464,1.5234574469022049,1.278564077433701,124.11700000000002,34.791525,42.87379676316164,46.04721485469935,1041.780706666667,898.8988843125001,975.6278131527482,850.6433273396214,1.7286068139142232,1.587714302205542,1146.62774,291.0457964375,371.4984274086606,296.28442101877584,112.16666666666669,131.6,95.7417238964638,115.07581442345833,1.6506570680297732,1.4138440799227303,168,51.975,58.85127205271117,59.65035624369733,3699.520883333333,4800.3105912500005,332.40851254403555,747.448396596931,1.285972698965828,1.1622382853817066,7872.571,1968.47879625,3210.29360864283,3147.094691693552,113.94878499999996,72.723156625,76.38704533013401,54.057633378736845,1.437476017461584,1.4830792169457148,312.41842999999994,29.5473251875,102.94192904406852,53.75345519289958,8.096833333333333,9.8261,2.602540126963484,4.175380178892518,1.0724930137531086,1.070263152050831,27.256,4.841124999999999,9.96121081021557,9.640429373995744,23.69843333333333,31.73439,1.4147431923975111,3.9540453941635616,0.9051227427197974,0.8661367597064279,80.3733,20.09965125,30.936097396012247,32.892284012658656,4.833333333333333,4.262499999999999,4.598031774161057,4.0614188103646764,1.7446068392104332,1.596398810934744,4,1.3375,1.4624940645653537,1.32045210060797
Ba2Ti2Fe2As4O1,20.125,5.0,66.39200000000001,72.5240909090909,53.54214028289033,63.52090121103261,1.42635715408901,1.3429973915923112,121.328,25.78990909090909,40.245259119553445,34.8884563337986,837.0073749999999,813.6492336363636,793.3549155030265,782.5777159341312,1.555831031014736,1.4747808843948755,811.05291,252.9310418181818,278.7536845387214,227.19107253796795,150.4,154.0,131.73743317575796,141.7556649160969,1.500045359208409,1.45669010009318,205,41.63636363636364,67.35755339974872,57.77228023573558,4323.8858,4971.948090909091,1003.8524872418031,2500.0947405252086,1.3424196057745217,1.2839217765476258,7872.571,2082.4155454545453,2605.8247824760897,2100.5891389279104,51.349317,48.146015,28.38900445118493,29.527911426826705,1.124847742589985,1.0865744216295272,133.34226999999998,27.17368454545454,51.67992397814015,42.68586253981931,12.6448,16.49127272727273,7.025198019948353,11.588167175081002,1.3096407256355962,1.09200285953516,27.256,10.032363636363636,9.051688249161035,9.347047653388248,34.185340000000004,40.20242727272728,8.463433633740175,19.7463787990095,1.2191765986132312,1.1628411607461444,80.3733,18.252118181818183,28.139592599438966,24.984056676357387,4.0,4.0,3.7279192731913513,3.765818910107435,1.5444795205968602,1.4297244316061084,4,1.4545454545454546,1.4142135623730951,1.2792042981336629
Pr1Fe1As1O0.7,46.25,4.0,71.9185,76.45251351351348,55.41859825265822,61.29200996334638,1.1788944328615738,1.1471687969499889,124.909,35.05640540540539,45.14952935801213,43.927953700393,887.85497,853.3081245945946,841.3008505771061,811.4322469054979,1.3340340724295805,1.362702547808489,785.870325,113.22645135135132,287.3255665746132,270.80727903910423,142.5,150.16216216216213,121.8014441544311,131.35376784433333,1.25242618414458,1.2167364653965425,199,57.67567567567566,71.73736822605078,69.14282652734063,5093.85725,5506.756837837837,812.800523192072,1359.4349789875184,1.0909226879814409,1.0907408574229174,7872.571,2127.8377567567563,3036.544471456443,2773.999123446134,70.8682325,65.18474445945944,53.8353893815676,49.79348789069178,1.1648214879075334,1.2309356000073404,125.23753,22.418420135135133,46.16494696578001,43.28173632968588,12.211,13.16508108108108,5.848828807022683,7.208655254364199,0.9978353932650882,0.987255257862997,27.256,7.402486486486485,10.114856054339082,9.923144712913636,35.78167500000001,38.68072702702702,6.058223064505121,9.4050005986197,0.9059634923909676,0.9055242262299724,80.3733,21.72467837837837,31.69833453695754,31.212071117175064,4.25,4.108108108108108,4.053600464421103,3.926738649361601,1.339718043094599,1.361675802426289,3,0.5405405405405403,1.299038105676658,1.2473492712664136
Cu1Mo3S4,10.94,3.0,63.857,59.96075,58.04122464945104,52.68481861241286,1.011522508565689,0.9269024143754636,63.895,28.04175,26.08595148095362,29.608663199095968,809.7664433333333,849.5745462499999,798.8910024043615,835.9345770238818,1.0847880567977526,0.9161230234325396,315.3129799999999,406.61191124999993,136.52518021096185,151.1748132131466,135.33333333333334,131.25,128.8690857847463,123.07651280350248,1.0506879199759065,0.9545732778377208,102,55.25,41.96294661828324,47.23280110262359,7082.333333333333,5986.0,5741.6025666122405,4521.19069845242,0.9428402449720708,0.9023513637708188,8153.0,2799.0,3583.487717604488,3937.943435347948,130.51204333333334,142.086223125,119.78632148569646,127.91264500176048,1.016214443315342,0.7982577609213588,128.42153499999998,85.30480062499998,53.038927737873536,60.075898048361225,15.59233333333333,14.49475,8.967766172682072,6.645516254740134,0.7376711185268333,0.5702388181587457,30.273,11.1365,12.488961161317176,14.024311014716552,179.75633333333334,102.0095,24.59944145734284,6.961836891077685,0.5728706101558146,0.7021671871560069,400.731,51.6155,166.24084359814293,129.75254560219616,4.666666666666667,5.5,4.160167646103808,5.230113257230414,1.0042424727540764,0.8367742260818622,4,2.75,1.8856180831641267,1.3228756555322954
Ba1Fe1.89Co0.11As2,23.25,4.0,81.75675,79.840136,76.28287188066778,75.28403415959978,1.3125958349549796,1.1535295009180777,81.482,28.672274,32.89038174280591,29.96463367220604,743.1757125,784.3012859300001,724.874908839471,765.0436045013455,1.362739174799401,1.0648339237272393,444.120455,362.07134773,158.07727532721103,163.16087591519295,170.0,160.512,163.4590299324649,154.1148705758422,1.3455183674350106,1.1729174333025036,134,55.624,50.02499375312305,49.08557686327013,6502.75,6164.972,6126.39407758987,5913.992124280232,1.3321690393405774,1.076378307622555,5390.0,2780.572,2072.768363204147,1659.8569116691956,42.9840675,41.54219566,32.34474945431943,30.104637918735868,1.1478364875754914,0.7848656781280856,64.64495,30.01243113,28.6603085401515,31.034963041167124,16.2075,18.08058,14.4932943968178,16.035793210639444,1.2818495963031755,0.9363212683766844,20.58,10.7236,7.423076771123951,8.24693110578717,62.25,56.351200000000006,52.20287204381002,49.82322527471619,1.2467534385015937,1.005510063757874,81.6,28.1912,30.913225325093467,23.742846050126342,3.25,3.6,3.0800702882410227,3.393458190271589,1.3322449220385326,1.007882372909937,3,1.934,1.0897247358851685,1.2000000000000002
Y1Ni1.9Cu0.1B2C1,13.75,5.0,46.7934,40.06838333333334,33.636447867818724,27.509168496931608,1.3631031785369123,1.1865672085631125,78.095,17.527016666666665,30.66029884133552,30.546422120051783,793.897877,793.7756626666667,778.9112048599329,781.177326696687,1.5898338991574257,1.3895485510123935,486.5738550000001,254.45345816666665,160.52385954467792,147.00935039939824,128.6,124.81666666666666,118.70396641500572,115.31098429732435,1.5322526935351397,1.34961727959415,145,45.05,50.78818760302438,49.85996779871491,5389.4,4873.366666666666,4523.259230193548,4049.173361893666,1.4505615103430234,1.2019590474179809,6693.0,2671.533333333333,3000.652435721272,2954.9083063419903,81.838577,71.55810025,66.45454839150693,56.632690698368,1.4438130609270643,1.2507347433876712,94.844755,33.333959416666666,43.83781508065982,43.81861370900775,39.358,41.78,26.6476107141394,30.852987566837346,1.2411716459857285,1.1640236537030173,93.61,17.2825,35.76013501093082,32.396668295777985,133.02,68.83500000000001,73.76290895163042,49.93502252899865,1.1197666734658007,1.3528517099184474,383.8,25.918333333333333,140.18419882426122,60.20068611181548,2.8,2.833333333333333,2.701920077041227,2.749459273997205,1.5740973363489728,1.401290543735728,2,0.9666666666666668,0.7483314773547882,0.6871842709362768
Y1Ba2Cu3.98Ni0.02O8,68.8125,5.0,72.8942,49.70926266666666,59.22306417211542,34.508273540921515,1.4477534717324343,1.3008433980741645,121.328,18.23200933333333,39.83488461838443,42.22541156357949,779.849661,1006.5783473866668,737.240414307996,943.2084041651832,1.5498757628779125,0.8872033147181336,811.05291,699.7812621333334,281.9096847719613,336.7929961230652,158.0,107.628,137.47343092987887,85.93651686914124,1.4973375617082918,1.347396153051966,205,33.764,70.74178397524337,74.5160135988679,5170.2858,3156.159466666666,1123.5331002495725,71.23668303519624,1.3095432122750734,0.7423599152368328,8958.571,2376.624533333333,3414.4889448827566,3797.6016899343526,83.034991,110.77391391333332,59.89836614115097,89.18059868518118,1.3801707391431042,0.7699930875123207,127.070745,75.03239645333333,51.19900317374289,46.85364826443568,9.8308,5.430933333333332,6.04299541556029,1.966485911839074,1.380672103193456,1.0265367126642817,16.706,3.439733333333333,5.689033183239485,5.621143625831155,105.50534,110.13410666666664,12.523137742333889,1.2738824006106089,0.7406334369796498,0.1742595629256214,400.9733,106.38442666666666,151.02405561387366,174.96349717091454,3.0,4.2,2.701920077041227,3.691765288866927,1.494365082953388,0.7932559538292467,4,3.1973333333333334,1.5491933384829668,1.9390719429665315
La1.925Sr0.075Cu1O4,18.26666667,4.0,76.51750000000001,57.35794642857143,59.30967525776223,35.94993459798746,1.197271366179244,0.9224980293443196,122.906,37.26008928571429,44.28942965595741,53.11755957120678,786.73869,1011.1745160357144,733.5849329709531,939.1392376959664,1.3125461548549562,0.7692967088376607,775.835885,744.9313949107143,315.33805240777724,355.381102752688,155.25,110.2107142857143,132.05381131325618,85.9399866481002,1.258826828762722,1.049161528366359,178,59.80357142857143,72.997859557661,77.91347233257139,4434.35725,2999.1451428571427,674.4847514452675,53.915124308790205,0.9959827791684114,0.7326831340586494,8958.571,1689.3334285714286,3402.8561958864334,3596.623572437644,77.5256975,110.09420925,43.338499264246416,97.12661903780706,1.069833191761196,0.7674191788345739,136.333305,80.50157057142857,55.01551094797658,42.75849606395322,6.781,3.902607142857143,4.041973820125345,1.5315007795637143,1.1113815366420898,0.9717741300783616,12.606,1.7846785714285716,4.47818858468466,4.513725321088413,112.481675,61.39275714285714,8.457619954892204,0.6312183204082713,0.4084234280800667,0.2677547862674797,400.9733,57.27045714285714,167.05381009548054,138.8021853956955,3.25,4.560714285714285,2.9129506302439405,4.188859645685046,1.2711814798605796,0.7225373506965802,4,3.407142857142857,1.6393596310755,1.691330686115497
Si,6.666666667,1.0,28.086,28.086,28.08599999999999,28.08599999999999,0.0,0.0,0.0,0.0,0.0,0.0,786.4492349999999,786.4492349999999,786.449235,786.449235,0.0,0.0,0.0,0.0,0.0,0.0,111.0,111.0,110.99999999999996,110.99999999999996,0.0,0.0,0,0.0,0.0,0.0,2330.0,2330.0,2329.9999999999995,2329.9999999999995,0.0,0.0,0.0,0.0,0.0,0.0,133.631725,133.631725,133.63172499999993,133.63172499999993,0.0,0.0,0.0,0.0,0.0,0.0,50.2,50.2,50.2,50.2,0.0,0.0,0.0,0.0,0.0,0.0,148.0,148.0,147.99999999999994,147.99999999999994,0.0,0.0,0.0,0.0,0.0,0.0,4.0,4.0,4.0,4.0,0.0,0.0,0,0.0,0.0,0.0
Ce1Fe1As1F0.1O0.9,36.33333333,5.0,61.17600000000001,71.79547500000001,44.686508375709046,55.57877018609791,1.339607208421776,1.2023799232554768,124.11700000000002,34.554050000000004,45.31851870924292,44.75646948877196,1047.769209,898.625108125,968.542747294008,849.039797068081,1.5341871938920302,1.4726776234865786,1146.62774,253.60841037500003,406.6916828745719,304.1303466809852,115.0,133.1,95.29635211864776,116.5690411864636,1.4462211937697882,1.3035080111470154,168,51.45,64.09368143584827,59.12816587718581,4074.82506,5093.1139325,236.5098488980793,816.2019604784235,1.0916956378925626,1.0909579518287842,7872.571,1968.4575925,3394.4164026075136,3036.1187809388243,122.323683,75.547755,77.28008186736845,54.98468849327567,1.2303489037892288,1.4024025544092706,312.41842999999994,27.785267875,110.88559603174085,60.342825157833694,9.5848,11.85515,3.427392541529576,5.537540878896487,1.0145850777049852,0.969803894954702,27.256,6.91225,10.285261112874093,10.31797952980621,28.39092,35.481705000000005,2.024094267057952,5.913773559708696,0.8943245526997757,0.8926956393897272,80.3733,20.0993025,31.8799930961975,31.92211287107223,4.8,4.275,4.5216022974376,4.069252235873647,1.552604198475667,1.465058276885732,4,1.175,1.6,1.3414078425296312
La1Fe1As1F0.1O0.9,25.06153846,5.0,60.933800000000005,71.49272500000001,44.60899628308174,55.45828940622675,1.3418193196965869,1.2044232161513255,122.906,34.2513,44.89726322795188,44.295016151925886,1048.502495,899.541715625,969.8680421024496,850.4922632011393,1.534708497274529,1.4731161568529096,1142.9613099999997,253.60841037500003,405.7677013402969,303.0348843052005,118.2,137.1,96.70615256938002,118.72864472164451,1.4337044853693526,1.2919688293038518,184,55.45,68.97071842456045,64.49294535063505,3950.02506,4937.1139325,231.97971368055912,796.7069494347973,1.0903633704874318,1.0896048926819235,7872.571,1968.4575925,3303.278251868428,2961.053325914522,121.74477299999998,74.8241175,76.32962771736702,54.14068326884053,1.223987667778601,1.3979709253787502,312.41842999999994,27.785267875,111.27770949191884,60.68233445289684,9.7328,12.04015,3.5156340060781823,5.716322294562189,1.0313176111537652,0.9872383941482652,27.256,6.91225,10.230018150521532,10.207701557035255,28.830920000000003,36.03170500000001,2.097402589244163,6.182704961679677,0.918018020520078,0.9164155737789452,80.3733,20.0993025,31.65546319695228,31.51712097659739,4.8,4.275,4.5216022974376,4.069252235873647,1.552604198475667,1.465058276885732,4,1.175,1.6,1.3414078425296312
Y0.4Pr0.6Ba2Cu4O8,37.875,5.0,89.3372,51.795813333333335,70.56035258852464,35.15356850798919,1.444535308973285,1.412755034509282,124.909,15.93944,46.917868295138895,45.27706230155054,738.0330620000001,1003.7180174,689.6608171968622,938.4257730116606,1.535931570056902,0.8995238401087586,811.05291,684.7681961333334,300.06511975168064,340.52512895153,177.6,109.0,152.09709122265988,86.44586462082358,1.492529994371754,1.4379176186424991,205,28.48,78.66536722090605,76.74807272281609,4743.2858,3248.2688000000003,1063.6188979110775,72.4299576078535,1.323573397766869,0.8354997011769407,8958.571,2388.5712000000003,3032.497786961528,3855.917481659641,70.376159,111.5289412,50.65442738088957,90.94564921386524,1.341507660004664,0.7968969462681301,127.070745,74.39122146666666,50.405618310071496,45.69203288682908,7.778800000000001,5.245466666666666,5.035507930512905,1.926639475847787,1.394548507056371,1.041200349056945,12.606,3.2432,4.378346464134606,5.488340245364612,89.82534000000001,110.35957333333334,8.421362912893093,1.2602132483064268,0.4572889043571233,0.1635701262912069,400.9733,106.91909333333334,155.72327519180428,175.38617967376817,3.2,4.2,2.9301560515835217,3.691765288866927,1.5154125173887332,0.8213067867411585,4,3.12,1.469693845669907,1.9390719429665315
Bi2Sr2Ca0.8La0.2Cu2O8.26,88.45,6.0,92.52133333333336,59.78290563564876,68.53601122804844,36.21297430238784,1.545919666792577,1.4529774680545622,192.981,25.568741808650064,64.78635310944908,64.50488627352323,740.0077883333333,1011.0722583748362,702.4368067503843,950.1558101275264,1.7342863148641188,1.0210766553802386,775.835885,704.1589109305373,267.8292312457389,333.87540481987554,159.66666666666666,103.33420707732634,142.6779699228666,84.37593658160863,1.7043296083143966,1.6377306196833097,178,25.74049803407601,61.71079502179681,65.76368369632037,4849.0715,2966.9071782437745,1210.4849737161176,61.68509049315656,1.4316681321805995,1.1779243402894548,9805.571,1284.5476055045872,3707.438481606213,3981.456403094125,67.18572166666667,105.17408755570116,28.703164913814472,65.13790506836031,1.3845656743649666,0.8283830978446092,139.227855,76.2108838859764,53.84908056676848,51.73987030166976,7.827333333333333,4.93443250327654,5.434401438439267,1.84814263223696,1.6116677726225237,1.4812722213280862,12.606,1.6290956749672347,4.024161472351173,5.135748449129028,109.81611666666667,68.96858073394495,14.199547577534696,0.8834608764588271,0.9549688566997884,0.7562472324573957,400.9733,52.54124888597641,147.3903291345853,136.42263080523924,3.333333333333333,4.571428571428571,2.993795165523909,4.109138915957368,1.6831089566088495,0.9766617236035708,4,3.2083879423328963,1.5986105077709063,1.8002683442240297
Lu0.6Pr0.4Ba2Cu3O7,56.55,5.0,106.54940000000002,56.81756923076923,80.79151593990869,36.55801791331586,1.425797344002047,1.4770799550614973,158.96800000000002,16.791600000000003,58.06446313744751,52.59898682790506,722.769135,997.3045852307692,671.14342028428,926.767723458864,1.5288165448751467,0.9022213115303904,811.05291,691.2541652307692,308.52802531971463,351.2332166613556,178.6,111.92307692307692,152.8078562630347,87.64595231243331,1.4921434585190043,1.455974356310339,205,31.323076923076925,79.12673378827158,79.95523895709643,5817.0858,3271.061769230769,1245.3560429626946,69.68609698056144,1.3244207189374937,1.0388357367175332,9839.571,2066.922846153846,3636.703892791735,3950.10816033694,74.10048,109.2507076923077,55.84492808955804,87.42440314438662,1.386525023019123,0.8149617957476052,127.070745,74.4196226923077,47.88149176574692,47.42830801758171,9.2308,5.418769230769232,5.557433910021651,1.91940541483444,1.3402535245687623,1.2063907382930013,18.206,2.7995384615384618,6.171714393910333,5.946161090651373,89.66534,96.52514615384617,8.341525151188629,1.0911152060879563,0.4522428687923319,0.205286427056194,400.9733,92.52408461538462,155.7982058473794,166.91353152270474,3.2,4.230769230769231,2.9301560515835217,3.728094582670636,1.5154125173887332,0.8336120921374541,4,3.1384615384615384,1.469693845669907,1.9276867824833337
Zr1N1Cl0.7,13.16666667,3.0,46.89466666666667,48.165962962962965,35.648047147234465,35.669785183395604,0.8579285211580845,0.8048220700730345,77.217,28.598888888888894,32.545353732223525,34.06944380556939,1097.8706533333334,1080.832117037037,1039.4517692903275,1018.2554333158351,1.0495895252058072,1.0461480321410297,762.2315000000001,282.30796296296296,329.5306276454589,343.1514551984431,113.66666666666669,117.51851851851852,96.95289454769352,99.18415563307288,0.93995119898728,0.8910530960406896,150,55.81481481481481,65.96126809642828,68.4540237003507,2171.806866666667,2412.7665185185183,29.55346864191212,37.87356173920219,0.006032379882482,0.0048951965915111,6509.7494,2411.0182962962963,3068.272989517008,3143.2016857929616,130.02961833333333,105.70110425925924,0.0112778393377819,0.0035749691849906,0.3367185740519653,0.4121963226687804,348.986245,90.47791537037035,155.73237601333375,145.01219705515422,9.375333333333332,9.70525925925926,4.592469088930934,4.425742732595791,0.6489358998285749,0.578287189972958,20.28,7.511111111111111,8.541362316529034,8.94273200692045,7.5783,8.419344444444443,0.1738320041456421,0.2418495384414821,0.0123515668247792,0.011411819801029,22.6911,8.4051,10.692658891968826,10.95276486464705,5.333333333333333,5.148148148148148,5.192494101851104,5.022991615353754,1.0717300938124523,1.0937867166912278,3,0.3703703703703702,1.247219128924647,1.1770554505237558
Tl2Ca2Ba2Cu3O10,118.975,5.0,92.2666,58.64231578947368,64.8123188686149,35.92442429877473,1.3232851726405803,1.483173147514346,188.384,17.295263157894738,69.23264611612069,62.32731214285522,748.279769,986.3001389473684,702.5948695005159,917.3369989308768,1.5410211078729672,1.0076655398168388,811.05291,638.6088242105262,293.45157720973424,351.2707961942473,155.8,108.94736842105264,136.30117862814583,87.5422456943884,1.501955739924579,1.5948310881282732,205,10.210526315789476,68.26536457091547,72.05003647627589,5174.2858,3195.4889473684207,962.3642483800212,69.73834119713528,1.165065440770061,1.1312438928670938,11848.571,1413.9847368421051,4506.8954800756765,4335.430396761384,59.010226,96.68304815789476,23.91422078308767,54.92458727211392,1.071552967005973,0.6781237977210393,139.227855,74.00907315789473,58.69799130201301,58.41726513469016,6.659200000000001,4.378631578947368,4.293666297142858,1.751110428493639,1.3628113574680931,1.3679982958559305,12.606,1.8268421052631576,4.232188010946584,4.758191343805536,133.30534,91.27721052631578,17.87615402403791,1.3601213243045125,0.9514641291700294,0.8316910618753988,400.9733,63.30173684210526,151.53494801550696,146.86791291946255,3.0,4.2105263157894735,2.701920077041227,3.7211944754328905,1.494365082953388,0.9038748560111088,4,2.947368421052632,1.5491933384829668,1.9078493642517744
Tm1Ni2B2C1,9.659,4.0,62.61225,53.3255,33.68504268423379,30.575020997132256,0.8869480130127962,1.010398708835012,158.123,26.15383333333333,64.34969123226234,55.89394528256168,805.2155675,793.1066999999998,786.4633091533595,780.3391138466219,1.3624225224139346,1.3271043136130136,489.7578600000001,167.43363666666664,178.343192153836,147.7610574846484,131.25,126.83333333333331,117.83744694291792,116.49478115822338,1.2820062808894086,1.2778419444304383,155,38.5,60.49121837093381,52.90373857824752,5709.0,5680.666666666666,4581.181765947995,4575.982553018066,1.1957260324418868,1.1465703248212726,7054.0,2591.4999999999995,3408.7266684203355,3367.9027928701003,77.16387875,74.5346625,64.87570737968736,61.361219485042106,1.2380260933039031,1.196776896174316,94.844755,29.13847,40.40593059742226,41.201533414861686,47.2975,42.75666666666667,35.12568537153217,33.08094024983024,1.1117611150773152,1.1805843711844486,88.16,14.693333333333332,35.96711718709188,31.538641202323365,65.95,63.61666666666667,48.09512032253994,48.57229435949085,1.1262822942314052,1.134598112275802,112.1,27.48333333333333,46.1541168261294,42.08671273559968,3.0,2.833333333333333,2.9129506302439405,2.749459273997205,1.3579778545873245,1.35458107481317,2,0.5,0.7071067811865476,0.6871842709362768
La1Fe0.999Mn0.001As1F0.11O0.89,10.33666667,6.0,59.93450000000001,71.49999575,46.1846351532503,55.4818877708391,1.564314441732792,1.2074411563653062,122.906,34.7125155,41.0462731590823,44.28595783696263,993.2969941666668,900.4482404424999,922.30437204155,851.003336194027,1.7176288336682175,1.4831939535210954,1142.9613099999997,292.1707150525,390.44132229284617,304.84511625654216,125.33333333333331,137.08625,105.28085432166225,118.6899524479478,1.646087363375485,1.2958874864139254,184,56.45975,64.9504084325538,64.51477591170492,4530.354216666667,4937.004100749999,413.4210860779798,797.0370484569877,1.378867642269039,1.0926091111038692,7872.571,1966.48485175,3282.826372417981,2960.9508573532985,101.4539775,75.28813798624999,0.7984436785411182,53.906602571160526,1.223987667782347,1.4087359463514968,328.14548499999995,31.3646201625,111.25431423059813,61.90436035175415,10.262333333333334,12.04009,4.3667408704105455,5.718206806236998,1.3285993053361749,0.9896356962731016,27.256,6.921772499999999,9.413452460294376,10.207485552372829,25.32743333333333,36.01356050000001,2.6112192505867435,6.179781267771567,1.073436013646076,0.9171429384031916,80.3733,20.079132750000003,29.940425057585426,31.512463394062674,5.166666666666667,4.278499999999999,4.863250506535287,4.071683123840541,1.7361755201328275,1.4759673006460994,4,1.33325,1.674979270186815,1.3460823711794163
Y0.7Pr0.3Ba2Cu3O7,56.8925,5.0,89.3372,52.44550769230769,70.56035258852464,35.30805191707428,1.444535308973285,1.4102094989966754,124.909,17.875507692307693,46.917868295138895,45.87279630846187,738.0330620000001,1001.379221,689.6608171968622,933.5217762452749,1.535931570056902,0.9102948006294184,811.05291,695.3161837307692,300.06511975168064,346.1223936670447,177.6,111.42307692307692,152.09709122265988,87.44885723634822,1.492529994371754,1.4438055446864977,205,33.22307692307693,78.66536722090605,79.25866760507992,4743.2858,3005.561769230769,1063.6188979110775,66.98074244058108,1.323573397766869,0.923843542153952,8958.571,2066.922846153846,3032.497786961528,3677.499167616768,70.376159,108.2480058846154,50.65442738088957,85.1581773358497,1.341507660004664,0.7837121049155721,127.070745,74.79071884615385,50.405618310071496,48.88207225318275,7.778800000000001,5.118307692307693,5.035507930512905,1.8834838425491744,1.394548507056371,1.1472060982840806,12.606,2.852538461538462,4.378346464134606,5.393503177037172,89.82534000000001,96.59822307692308,8.421362912893093,1.0962044928182737,0.4572889043571233,0.2078062531379453,400.9733,92.52408461538462,155.72327519180428,166.87818469889555,3.2,4.230769230769231,2.9301560515835217,3.728094582670636,1.5154125173887332,0.8302222358672161,4,3.1615384615384614,1.469693845669907,1.9276867824833337
Pb2Sr2Ho0.5Ca0.5Cu3O8,75.56666667,6.0,96.56216666666668,63.173375,70.42550331007847,39.07338290134793,1.537377962206295,1.5278427384619473,191.201,24.6475625,68.0267169486045,64.19224335236598,749.2221058333334,991.46478421875,713.5493242537328,933.5994180811294,1.7378571947325117,1.0982105581243888,764.450655,638.8090940625,262.56298977280045,327.9883703437821,161.5,107.75,144.45116051403073,88.46628399923306,1.706212676718398,1.6653271114603894,178,21.3125,61.3507674496959,65.92277679224382,5546.071499999999,3750.24575,1316.475447687608,94.5910839623087,1.415694871872014,1.1901988260856264,11338.571,1679.2855,4301.069102431927,4518.832730017502,58.30910166666666,99.35542875,24.73300309541801,63.14447688818469,1.3206539366728722,0.814588990248753,139.227855,70.4280196875,53.62745510448874,54.36891224353301,8.539666666666667,4.992500000000001,5.5692312371770365,1.968620244044724,1.555303922489892,1.449684059053321,16.556,2.2248750000000004,5.36767751349584,5.307079234381187,114.82111666666668,90.82585,18.75818345284449,1.578391260127311,1.067746357520703,0.6655432727629746,400.9733,75.17415,144.25692225875352,153.24487455775642,3.1666666666666665,4.28125,2.8844991406148166,3.825799660865636,1.6944150728184462,1.024540127456098,4,2.9375,1.4624940645653537,1.824047268439061
Fe1Se0.3Te0.7,14.33333333,3.0,87.46833333333332,84.4265,82.55575808891047,78.55086188535738,1.041270069285426,0.9783274245559208,71.755,32.815999999999995,29.905281677694028,32.639184276724805,857.5586800000001,826.6159405000001,854.3679944096737,823.8460135917895,1.0949232687610044,1.0266232196128504,178.49725,240.073977,73.34501753933165,68.25475404111089,133.0,139.05,132.04956816087372,138.00863965903685,1.0912791559994357,0.95195206895938,36,60.0,16.30950643030009,16.977853221182,6311.0,6843.85,6186.5089014424375,6743.041779693546,1.0789704355627736,0.9199992082689088,3055.0,3214.15,1248.2085829967148,1128.374639691977,133.631725,103.6731325,83.54875485910098,54.89450444843103,0.8313685394799861,0.8371221181401642,179.26913,58.696649750000006,83.3944512657459,87.95996960767192,12.664666666666667,14.0306,11.73698092303563,13.45631449810189,1.0308776491197127,0.899530174923818,10.796,5.9009,4.481238320920779,3.5052523504021784,27.75633333333333,41.10035,4.611374810916701,10.959150217065996,0.1661896392787976,0.1118141834217492,79.881,40.122150000000005,37.23219816532758,39.30412839674097,5.0,4.5,4.762203155904598,4.242640687119285,1.0549201676861442,1.0437570360314083,3,1.1999999999999995,1.4142135623730951,1.5
Er1Ni1.96Fe0.04B2C1,8.355,5.0,60.92380000000001,53.02734666666666,37.194697138537165,30.51416490791508,1.2034508035875595,1.047109828042908,156.44799999999998,27.5042,56.994210521420506,55.31558551619808,795.190776,792.0530838,779.6650163959264,778.9075708582152,1.589323088347893,1.3571495209127362,497.09072,261.7946802,162.27514500309982,149.354424615232,137.0,127.54666666666668,125.08426248794385,116.8777841955649,1.5240832780914495,1.3170457768053023,159,47.63333333333333,56.26011020252271,54.13176352403663,6091.0,5631.2733333333335,5077.05352760497,4551.130922845088,1.4605468827793038,1.1928144548760018,6799.0,2857.4533333333334,3119.557019834708,3317.2838626335383,64.876514,73.8959318,48.86469204746548,60.56506401747405,1.372027023381939,1.2107942880652305,106.1335,36.3304619,43.70387525097899,41.36527881409805,41.212,43.2444,30.132889508573182,33.96533273635588,1.3013690801176143,1.2082971240557718,91.19,17.407933333333332,34.44922025242371,31.157476245250244,68.36,63.14666666666667,51.69258871161148,47.30932833922125,1.3949874002742382,1.164668362484961,114.5,29.158,42.28893945229651,42.5008135869839,3.0,2.84,2.9301560515835217,2.756901393209767,1.5867847070280474,1.3864896485764333,2,0.98,0.6324555320336759,0.6839103255057152
La0.87Sr0.13Fe1As1O1,22.06666667,5.0,74.65820000000001,69.75098750000001,60.56218348913686,54.3998081604436,1.4495777390237303,1.331959003911325,122.906,27.3641875,40.22578128215784,42.75360395583446,822.187279,890.733599975,775.5089380369877,845.8447387929514,1.5503906480032756,1.3950507106924444,775.835885,310.6250150625,288.45761174503605,283.7482802020683,153.6,137.0225,134.55290239571488,119.00390662783336,1.5037396024391712,1.4239265061706898,178,42.0375,66.14106137642486,63.97536239639444,4475.6858,4822.83725,1008.185914025016,771.7135900275385,1.3234791069068677,1.1541105128392048,7872.571,1968.14275,2804.63210209228,2979.989614163561,57.041932,68.821303225,32.55517732795065,49.220608879575344,1.2225105923732853,1.1559003153067853,136.333305,35.09062965,49.18469540423551,47.78361921410133,11.1168,12.078475,6.007411536252331,5.730155839320818,1.2452788051374446,1.042990893884831,27.256,6.814,9.31592104732538,10.189019085484873,35.90534,36.743425,8.757126263172427,6.372472316627973,1.2321323939776498,1.008854085349471,80.3733,20.093325,28.190932976090025,31.246407353356247,3.8,4.2175,3.5194820289355224,4.000534086117575,1.5351908486313155,1.3882370636479686,4,1.435,1.469693845669907,1.3417129909186989
Ba0.55K0.45Fe2As2,30.1625,4.0,76.798,70.93159,68.84557524832545,67.15595421579151,1.27635596460641,1.2062634989480454,98.229,26.449980000000004,37.17390693080296,25.952532635985648,657.7864875,776.78240285,624.4751798076293,752.6001462779763,1.3355338183832808,1.0522521309082635,528.1588899999999,341.10438535000003,209.57371012752083,177.35714796833852,192.75,159.70000000000002,183.8017273946484,153.64429742120146,1.3412620382852287,1.3047149348448794,134,40.53000000000001,56.88749862667544,47.43532439016308,4493.25,5904.08,3417.7024045507314,5197.906631908599,1.1906322118383743,0.9378262477160576,7012.0,3072.0200000000004,2603.09271588624,2117.3772251537985,39.1246675,43.58516905,30.17955682184552,32.65802178161253,1.1547630811064116,0.8628787808686736,64.64495,29.8871936,26.5632247029174,29.968970546325217,12.74125,17.597350000000002,8.930177301564624,14.453998256594948,1.101425289269797,0.8463733920379594,25.365,10.86985,9.549802599399634,8.922039970068504,62.875,63.489,52.52612508641094,57.87340230896568,1.2433551832205147,1.0987286664771272,84.1,30.136000000000003,31.685751924169324,23.35874523599245,2.75,3.51,2.340347319320716,3.188231168266769,1.2406842915533958,0.9549730104921856,4,1.91,1.479019945774904,1.34532523948672
La1.9Sr0.1Cu0.99Zn0.01O4,11.59,5.0,74.29,57.17740571428571,60.47688589160383,35.89228122901132,1.4518296606872134,0.9527008609418208,122.906,37.60938571428571,39.86339032746714,52.92448142782286,810.66697,1011.4450875428572,765.2835773553157,939.4717839435386,1.5504866692120027,0.7825508719642603,775.835885,749.5238741571428,286.0781714358816,355.2076269071574,148.6,110.17714285714288,129.97885842494986,85.92443692067624,1.498696436642931,1.080288843257188,178,61.16857142857143,66.63212438456394,77.8757988657554,4974.0858,2983.978,1081.0160782349046,53.73442069453307,1.3095959003345536,0.765524818744301,8958.571,1667.3834285714283,3229.3609062237933,3588.069646695759,62.02055800000001,109.77856546428572,0.2039384408511865,92.5865471105192,1.0698331917685977,0.7646427286233436,140.964585,80.55119142857143,58.163584479907925,43.24509867498175,6.889200000000001,3.898817142857143,4.551984157772433,1.531226308458405,1.392475973938103,1.008458536830354,12.606,1.8351828571428568,4.011255085381632,4.505158948296986,113.18534,61.06382857142858,14.278748058350043,0.6322739536084105,0.8319278214382084,0.2952795190860442,400.9733,56.6976,149.42409762706416,138.20151215471782,3.0,4.557142857142857,2.701920077041227,4.182798191119545,1.494365082953388,0.7307454188561611,4,3.4257142857142857,1.5491933384829668,1.6956727639639022
Ce1Fe1As1F0.16O0.84,40.85,5.0,61.17600000000001,71.84046000000001,44.686508375709046,55.72218764336826,1.339607208421776,1.2104167231179952,124.11700000000002,34.26908,45.31851870924292,44.70183932019353,1047.769209,904.1319895,968.542747294008,852.1836381344243,1.5341871938920302,1.5170966256403238,1146.62774,208.6835471,406.6916828745719,314.7391901410394,115.0,133.01000000000002,95.29635211864776,116.33579046554892,1.4462211937697882,1.3123458771080327,168,50.82,64.09368143584827,59.26204434543243,4074.82506,5093.117942,236.5098488980793,818.3040301680568,1.0916956378925626,1.0909734170223064,7872.571,1968.432148,3394.4164026075136,3036.1120570235285,122.323683,78.3554685,77.28008186736845,55.68601181660826,1.2303489037892288,1.4520211360565525,312.41842999999994,25.6707991,110.88559603174085,67.2775376053506,9.5848,11.85614,3.427392541529576,5.54906425026214,1.0145850777049852,0.9712674341110484,27.256,6.904599999999999,10.285261112874093,10.316887702228806,28.39092,35.481723,2.024094267057952,5.917674665206544,0.8943245526997757,0.8927216160913133,80.3733,20.098884,31.8799930961975,31.92209287929868,4.8,4.29,4.5216022974376,4.078672292465767,1.552604198475667,1.5070613921948557,4,0.98,1.6,1.3659795020423988
Y1Ni1.7Cu0.3B2C1,10.85,5.0,46.7934,40.23015,33.636447867818724,27.58211260107362,1.3631031785369123,1.2989722083255997,78.095,14.62785,30.66029884133552,30.65727440310864,793.897877,794.0522529999998,778.9112048599329,781.4688555554668,1.5898338991574257,1.4593161407337518,486.5738550000001,229.6053545,160.52385954467792,146.91031584800268,128.6,124.11666666666667,118.70396641500572,114.728540639647,1.5322526935351397,1.433742215569065,145,35.81666666666667,50.78818760302438,49.66255855493374,5389.4,4875.099999999999,4523.259230193548,4049.9590422023775,1.4505615103430234,1.338738417094372,6693.0,2146.1,3000.652435721272,2957.288784793712,81.838577,71.81217741666666,66.45454839150693,56.75761879895423,1.4438130609270643,1.3693534136356853,94.844755,26.66523783333333,43.83781508065982,44.07105951470477,39.358,41.64333333333333,26.6476107141394,30.573284927394337,1.2411716459857285,1.1872468811047907,93.61,16.8475,35.76013501093082,32.5087368598385,133.02,79.17166666666667,73.76290895163042,52.46760815886252,1.1197666734658007,1.4344551376281611,383.8,22.88833333333333,140.18419882426122,84.72799634057735,2.8,2.833333333333333,2.701920077041227,2.749459273997205,1.5740973363489728,1.4540420365498736,2,0.9,0.7483314773547882,0.6871842709362768
Y0.8Pr0.2Ba2Cu4O8,66.78571429,5.0,89.3372,50.40909333333334,70.56035258852464,34.724496897996126,1.444535308973285,1.3799385759019476,124.909,16.431493333333336,46.917868295138895,43.278797219323096,738.0330620000001,1005.6322798,689.6608171968622,941.6208606373236,1.535931570056902,0.8971297202934545,811.05291,693.7232906,300.06511975168064,338.0385403451647,177.6,108.06666666666666,152.09709122265988,86.094338456526,1.492529994371754,1.4111649988975925,205,30.84,78.66536722090605,75.26262168050101,4743.2858,3186.9088,1063.6188979110775,71.63261134643494,1.323573397766869,0.7946500418194149,8958.571,2388.5712000000003,3032.497786961528,3817.4558180684194,70.376159,111.03236506666669,50.65442738088957,89.77038423811,1.341507660004664,0.7807113517191024,127.070745,74.53787866666667,50.405618310071496,46.471662318119,7.778800000000001,5.365466666666666,5.035507930512905,1.9526387693039835,1.394548507056371,1.0412558493509907,12.606,3.388133333333333,4.378346464134606,5.571549752886435,89.82534000000001,110.48490666666667,8.421362912893093,1.2709853143285708,0.4572889043571233,0.1669022088582624,400.9733,106.91909333333334,155.72327519180428,175.3178691569477,3.2,4.2,2.9301560515835217,3.691765288866927,1.5154125173887332,0.8130872989568219,4,3.16,1.469693845669907,1.9390719429665315
Nb3Sn1,17.846,2.0,105.808,99.357,105.01843295345826,98.77673072122802,0.68569422677929,0.6097550429840402,25.803999999999988,40.00200000000001,12.901999999999994,11.173459759626825,680.3639775,666.25304625,679.7783965062816,665.8168826553701,0.6922866160388692,0.5791225208763807,56.443725000000086,311.9601262499999,28.221862500000043,24.44084986711145,171.5,184.75,169.44025495731518,183.1643264436294,0.6811611620431957,0.4951048106637709,53,112.25,26.5,22.949673200287624,7940.0,8255.0,7914.966835053702,8235.973881479364,0.6899960475797602,0.5286502742020327,1260.0,4600.0,630.0,545.5960043841964,96.7262125,91.44365875,96.14748404461032,91.017434968546,0.6871700005321806,0.6051031898351125,21.130215000000007,37.79799875,10.565107500000003,9.149651488713504,16.7145,21.55725,13.622246510763192,18.96384211820348,0.5143095954302733,0.2824552333640122,19.371,18.04275,9.6855,8.387889048354179,60.25,56.97500000000001,59.89290442114159,56.71198257348532,0.6872261513897017,0.6049137810331414,13.099999999999994,23.575000000000006,6.549999999999997,5.67246639478807,4.5,4.75,4.472135954999579,4.728708045015878,0.6869615763973234,0.5146531652289292,1,2.75,0.5,0.4330127018922193
C0.98Nb1,11.68,2.0,52.4585,52.86706060606062,33.40499911689865,33.75193372005911,0.355782532924939,0.3516047477833051,80.89500000000001,40.97738383838384,40.447500000000005,40.445436509959634,869.2816075000001,867.0882792929294,841.7249871155224,839.5580790642902,0.6616163697540108,0.6639913370034928,434.278985,208.35887020202023,217.1394925,217.1284148022401,132.5,133.16161616161617,115.17812292271478,115.81017439648218,0.5654231179495706,0.5612701198968706,131,66.83838383838383,65.5,65.49665841899638,5418.5,5450.333333333334,4407.742052343804,4437.445025088803,0.5128824795666316,0.5084306887851999,6303.0,3206.232323232324,3151.5,3151.339221488047,104.01083,103.83052974747474,102.4677513889774,102.28850773237814,0.6783483333820493,0.6800008930267318,35.699449999999985,16.79911055555555,17.849724999999992,17.848814369435413,65.7,65.3030303030303,52.64978632435271,52.28395160823608,0.5016658422693845,0.5061378276021247,78.6,38.63636363636363,39.3,39.29799505139782,91.35,90.96969696969695,83.2304030988677,82.86281784130563,0.6056282856032194,0.6092754377957318,75.3,36.72727272727273,37.65,37.64807922862921,4.5,4.505050505050505,4.472135954999579,4.477178838013159,0.6869615763973234,0.685799439096425,1,0.5454545454545456,0.5,0.4999744917480639
Pr1.85Ce0.15Cu1O3.98,19.53333333,4.0,90.14225,58.58441547277936,66.93466737631745,36.35672784477201,1.178646366999769,1.018473917520747,124.909,34.33558739255014,53.10159860293756,54.55905104762239,780.467165,1007.4463305014326,725.088492826946,933.2194981337004,1.3089374160386769,0.783370537967657,785.870325,737.7203013108882,320.17746590392346,359.32338993379983,158.25,115.6862464183381,133.6108921092572,88.02564570881512,1.2520675419604976,1.0817337647983112,199,60.95272206303724,76.85172411859087,85.99667055564193,5626.10725,3225.1056475644696,875.3414532385942,56.52929606672683,1.090027682549391,0.8346627188190614,8958.571,1794.321286532951,3368.074371507804,3774.0907715530825,89.15214,111.27263944126074,79.07224998448882,101.20949025550247,1.2743990315007443,0.8147225670208025,92.722085,79.34135720630371,41.629727639796215,40.619496384788526,6.460999999999999,4.06627793696275,3.842389055445674,1.5731622733727186,1.0957385769105388,0.991928715378407,12.606,1.752292263610315,4.494587077808149,4.604261835078476,106.206675,61.02095501432664,6.236070590321659,0.6153157950989618,0.2553091184050707,0.2390147182472387,400.9733,57.43463237822349,170.26854484509718,139.13300480414554,3.5,4.567335243553009,3.2237097954706257,4.202819674926248,1.30130555003691,0.7546146638468761,4,3.3567335243553007,1.5,1.6788483753914327
Rh1Zr2,11.165,2.0,97.065,95.118,96.88909610477326,94.96268234083968,0.6913355002793289,0.6537773786434166,11.682000000000002,26.514000000000003,5.841000000000001,5.506947611880833,679.8815525,666.614865,678.7156108819117,665.5851876909155,0.6914327521101525,0.6533426522993195,79.60012499999993,186.8271216666667,39.80006249999997,37.52385878053119,189.5,195.0,188.7802955819277,194.3540140285913,0.6893516755453037,0.60719976877524,33,79.66666666666666,16.5,15.556349186104043,9460.5,8477.333333333332,8988.966013952884,8072.766495854403,0.6437272793952517,0.6928576102426633,5899.0,204.0,2949.5,2780.815268146296,75.40302750000001,63.96955499999999,67.14981694309708,57.01463593301748,0.5857813968208936,0.6828460226193134,68.600835,9.166075,34.3004175,32.33874374903964,21.25,21.166666666666664,21.24852936087577,21.16536113909004,0.6930779746112028,0.6400908966707052,0.5,6.833333333333334,0.25,0.2357022603955158,86.35,65.13333333333333,58.35237784358063,42.59719393450087,0.3891183595889886,0.5420930399021014,127.3,34.86666666666667,63.65,60.00979549669833,3.5,3.6666666666666665,3.464101615137755,3.634241185664279,0.6829081045004717,0.5859526181035508,1,1.6666666666666663,0.5,0.4714045207910317
Y2C2I2,9.985,3.0,75.94033333333333,75.94033333333334,51.36435628894665,51.364356288946624,0.8482944631127376,0.8482944631127376,114.893,38.297666666666665,47.79248020580457,47.79248020580457,898.2110266666667,898.2110266666666,869.3983995786523,869.3983995786523,1.0684963861666794,1.0684963861666794,486.5738550000001,162.191285,213.36808365994992,213.36808365994992,131.33333333333334,131.33333333333331,117.77040484943318,117.77040484943318,0.9941735219638346,0.9941735219638346,145,48.33333333333333,60.31215097768902,60.31215097768902,3890.6666666666665,3890.666666666666,3684.298507518442,3684.298507518442,1.0498442491788014,1.0498442491788014,2666.0,888.6666666666666,1163.4289358997776,1163.4289358997776,148.87635500000002,148.876355,102.13318343889188,102.13318343889198,0.8080828251565129,0.8080828251565128,265.52672,88.50890666666668,110.07118861815326,110.07118861815324,43.97,43.97,26.476967764923195,26.476967764923195,0.6448933736395357,0.6448933736395357,93.61,31.203333333333333,43.187651784586144,43.187651784586144,48.883,48.883,9.987454935383123,9.987454935383123,0.3818822838122794,0.3818822838122794,128.551,42.85033333333333,57.06253450966463,57.06253450966462,4.666666666666667,4.666666666666666,4.379519139887889,4.379519139887889,1.0346012326101812,1.0346012326101812,4,1.333333333333333,1.699673171197595,1.699673171197595
La1.9Sr0.1Cu0.9975Zn0.0025O4,23.655,5.0,74.29,57.17544071428571,60.47688589160383,35.8911870817422,1.4518296606872134,0.9464115138600332,122.906,37.67943571428571,39.86339032746714,52.92421088837508,810.66697,1011.2726550642856,765.2835773553157,939.275038970174,1.5504866692120027,0.7775542877509547,775.835885,750.4949956821429,286.0781714358816,355.29763928048374,148.6,110.18357142857144,129.97885842494986,85.9288568541299,1.498696436642931,1.0741800620241329,178,61.29928571428572,66.63212438456394,77.87702220324618,4974.0858,2985.9355,1081.0160782349046,53.7475510562526,1.3095959003345536,0.7518508628230077,8958.571,1667.3834285714283,3229.3609062237933,3590.829950215295,62.02055800000001,109.90623579464284,0.2039384408511865,95.38643007448464,1.0698331917685977,0.7659276389361738,140.964585,80.55119142857143,58.163584479907925,43.09645454049563,6.889200000000001,3.9049542857142856,4.551984157772433,1.532174712142321,1.392475973938103,0.9965634838858768,12.606,1.8570100000000005,4.011255085381632,4.5137113513852976,113.18534,61.36918571428572,14.278748058350043,0.6331147848027304,0.8319278214382084,0.2812565708685565,400.9733,57.12724285714286,149.42409762706416,138.63672604787692,3.0,4.557142857142857,2.701920077041227,4.182798191119545,1.494365082953388,0.728329995621396,4,3.4278571428571425,1.5491933384829668,1.6956727639639022
Ba1Fe1.936Ni0.064As2,14.83333333,4.0,81.69675000000001,79.8086544,76.20508899630933,75.2428358181647,1.3123000697178724,1.132625191148451,81.482,29.2175296,32.93215542881303,29.98804972532493,737.36249125,784.022289904,719.2685561387,764.7582581669471,1.3626432111461428,1.0358585032247245,444.120455,369.36464888,157.76428096976167,163.22282304366297,169.25,160.5104,162.64644952573997,154.11237648174222,1.34480750139686,1.1448428299471554,134,58.496,50.310908359917335,49.0885270897386,6504.75,6155.6352,6127.7703315411245,5907.399557509489,1.332089098888054,1.0373426934475,5398.0,2934.7904,2075.083055566692,1647.3161235539949,54.92408625,41.711468944,37.19571274215313,29.93277369673044,1.0752448655279998,0.790382675678916,97.64282,29.987846752,41.78075545615639,31.95473890003594,16.445,18.070752,14.701254347593544,16.023946249285487,1.283054569336223,0.9140502247127116,20.58,10.86048,7.434226590574165,8.25305059202329,59.97500000000001,56.0544,50.97243350953929,49.66264101663521,1.2583616840684904,0.9536004841274308,72.5,29.96736,28.273518970938163,23.287742712422776,3.0,3.5872,2.7831576837137404,3.375891923935795,1.308605386853449,0.970738457088201,3,1.9744,1.224744871391589,1.211608913800159
C3Y2,14.85625,2.0,50.4585,42.769000000000005,32.67797371319097,26.74976238946644,0.3649650478623124,0.4535006572336865,76.89500000000001,28.35580000000001,38.447500000000005,37.6707027542625,843.1341725,891.791558,807.2711463596783,856.6732033743561,0.6509185848731458,0.58231432387094,486.5738550000001,411.913762,243.28692750000005,238.37153338579392,139.5,125.0,119.18053532351662,106.21337914295265,0.5512451302605722,0.6280696150752425,145,44.600000000000016,72.5,71.03520254071216,3369.5,3149.0,3184.0263818002504,2974.894919675636,0.6386187319961949,0.6838558512808011,2205.0,428.60000000000014,1102.5,1080.2249765673816,75.740725,84.964691,60.0801023991864,69.20813747721117,0.494159020411182,0.4039644997570202,92.23966,61.26797499999999,46.11982999999999,45.18802020956155,58.195,67.556,34.58251003036072,43.18402007203588,0.3203567309712662,0.2469670173134058,93.61,58.444,46.805,45.85934696438666,73.1,84.27999999999999,47.10413994544427,57.618932108956585,0.3622105569354488,0.2827388798668725,111.8,70.52,55.9,54.77059064863186,3.5,3.6,3.464101615137755,3.5652049159320067,0.6829081045004717,0.6365141680948128,1,1.1999999999999995,0.5,0.4898979485566356
Ba0.75K0.25Fe2As2,28.45,4.0,76.798,74.86075,68.84557524832545,70.6168888371797,1.27635596460641,1.1776097589780767,98.229,28.013900000000003,37.17390693080296,28.176134805673755,657.7864875,780.14394025,624.4751798076293,758.1251135234021,1.3355338183832808,1.0409739909306182,528.1588899999999,357.85804075,209.57371012752083,171.23169130469924,192.75,160.1,183.8017273946484,153.8923444004041,1.3412620382852287,1.2647786964170369,134,50.25000000000001,56.88749862667544,48.17250252997035,4493.25,6010.0,3417.7024045507314,5498.199173253891,1.1906322118383743,0.9549826192622232,7012.0,3106.5000000000005,2603.09271588624,1919.4867022201536,39.1246675,42.20736325,30.17955682184552,31.069256819943995,1.1547630811064116,0.815817927557204,64.64495,29.33144,26.5632247029174,30.505735476640297,12.74125,17.78875,8.930177301564624,15.11317538779738,1.101425289269797,0.8598990696702786,25.365,10.96325,9.549802599399634,8.639420390714877,62.875,60.125,52.52612508641094,54.03097108549864,1.2433551832205147,1.0522696294663694,84.1,29.40000000000001,31.685751924169324,23.55336228651867,2.75,3.5500000000000003,2.340347319320716,3.277864546670888,1.2406842915533958,0.9587499201867172,4,1.95,1.479019945774904,1.2835497652993435
Y1Ba1.8La0.2Cu3O7,79.05,5.0,88.93660000000001,51.26973846153846,70.35859978212198,34.94094156170708,1.4458230554638107,1.4267419529902592,122.906,16.87750769230769,46.48235968450828,44.239996525343074,740.0399500000001,1003.5775946153846,692.2621577125386,937.2471656607144,1.5370168509090454,0.9150549414030776,811.05291,699.2238262307692,298.68446780105216,343.2572413289473,173.4,110.20000000000002,149.4180986354567,86.98987298530619,1.496916412244376,1.4491270376676368,205,31.553846153846152,75.33817093611975,77.35178382906538,4617.8858,2993.015615384616,1043.1537920704825,66.91639235768301,1.3245483045505375,0.910598741459288,8958.571,2066.922846153846,2958.0214919041005,3659.745570529324,69.797249,108.30218592307692,50.03143747771192,85.75146657412989,1.3359336582371184,0.7825064891802256,127.070745,75.20634653846155,50.67241554767637,48.7127474319005,7.640800000000001,5.208000000000001,4.930350310518901,1.901407749951464,1.387701057487406,1.146368933482036,12.606,2.9161538461538465,4.41490685745464,5.4656623217488125,90.02534,96.6313,8.551989017521207,1.0990601950302146,0.4641456979495293,0.2105665184342639,400.9733,92.52408461538462,155.6244463458823,166.86148036257268,3.2,4.246153846153846,2.9301560515835217,3.7514228404143255,1.5154125173887332,0.8346335303432314,4,3.184615384615385,1.469693845669907,1.9137620560301087
Ca1Fe0.9Co0.1As1F1,22.93333333,5.0,49.7552,47.53795,45.15576728976897,42.30446934622168,1.528508002004084,1.3846493627530791,55.92399999999999,17.257175,18.943806643861205,20.58614147059861,948.138798,995.023271625,885.4764169171605,919.776002021253,1.536117357038182,1.3672657175715028,1091.2453499999997,401.2545816249999,383.4855692735635,415.735030510772,132.6,127.65,118.1172245474881,110.82777638230742,1.5208026234626033,1.3722234803565625,152,44.7,51.16092258745927,56.115305398794725,4810.53926,3813.824075,1010.8096795642658,588.5984354377293,1.2524979823133424,1.1230900847472856,8898.3037,1771.2259250000002,3484.3785103638484,3191.4300860756475,97.584929,107.23825325,33.91863155421801,29.99735302503095,0.9575555753572942,0.7132263903357582,326.4087549999999,81.60218874999998,118.7867991867802,130.84341477860053,13.352,12.69975,7.695614456330762,6.414434976228585,1.33486098663615,1.1309801780808548,27.19,6.797499999999999,8.969484712066798,9.915084338395715,86.32557999999999,83.396975,18.66173445176577,12.33271244537237,1.2586037916144133,1.027674509902432,200.9721,50.243025,66.5201803466106,74.02459561153897,4.0,4.25,3.6296780899037056,3.80675409583932,1.5134058381196789,1.3405402310557708,5,1.675,1.7888543819998317,1.920286436967152
Y0.7Pr0.3Ba2Cu4O8,63.66666667,5.0,89.3372,50.75577333333333,70.56035258852464,34.83127130895402,1.444535308973285,1.3990487482933789,124.909,15.492106666666668,46.917868295138895,43.7910307060166,738.0330620000001,1005.1537142,689.6608171968622,940.8210703235432,1.535931570056902,0.9001994980823145,811.05291,690.2028745666667,300.06511975168064,338.66291353790376,177.6,108.29999999999998,152.09709122265988,86.18208575842614,1.492529994371754,1.427603162982333,205,29.19333333333333,78.66536722090605,75.63779919237912,4743.2858,3202.2488,1063.6188979110775,71.83112121387938,1.323573397766869,0.8133086735650492,8958.571,2388.5712000000003,3032.497786961528,3827.1997002143,70.376159,111.1565091,50.65442738088957,90.06276892006294,1.341507660004664,0.7864471537587245,127.070745,74.216262,50.405618310071496,46.27848583859205,7.778800000000001,5.335466666666666,5.035507930512905,1.946106237218664,1.394548507056371,1.0483476268021692,12.606,3.3422,4.378346464134606,5.551107515522366,89.82534000000001,110.45357333333334,8.421362912893093,1.2682836961460078,0.4572889043571233,0.1666461324181027,400.9733,106.91909333333334,155.72327519180428,175.33495768035712,3.2,4.2,2.9301560515835217,3.691765288866927,1.5154125173887332,0.8183473884099983,4,3.14,1.469693845669907,1.9390719429665315
Nb0.75Al0.19Ge0.06,20.45,3.0,64.176,79.16448000000001,56.68018319293439,72.3781466279906,0.9947743651428612,0.4492084775298189,65.924,65.3211,27.570792710161,25.72058107604881,663.9776083333333,644.5767261499999,659.693013347849,643.2580603816593,1.0921228022186515,0.6985827759847214,184.67229,443.37269625,75.85522548598111,41.555277635872,146.0,178.24,141.7867592207574,174.3163260210661,1.0682731903916889,0.5439742602798541,80,141.18,36.8057966449127,34.235981072549976,5530.333333333333,7259.5,4974.236284609269,6686.56351106736,1.0013320970137314,0.4323640937738938,5872.0,6108.12,2401.7127684679995,2338.042610817861,82.55899833333335,79.8432672,75.8363652338014,76.82445923316891,1.0221530979079505,0.618952374947084,76.41612,57.48286845,31.30055620690186,19.647466255277987,24.683666666666664,24.05149,21.859670553779345,22.69449181563468,0.994294326366148,0.5888184862212191,26.229,17.764909999999997,10.776500988519212,6.922246295090922,116.96666666666664,88.917,91.50392171670968,71.69001801038667,0.8547463457268402,0.8334152149454865,183.3,41.418,84.91785573259739,71.73623220521134,4.0,4.5600000000000005,3.914867641168864,4.477175732776477,1.077556326766801,0.5757286119910876,2,3.51,0.816496580927726,0.7914543574963752
Bi0.8Nd0.1Tb0.1Pb1Sr2Ca2Cu3O10,115.25,8.0,115.82375,53.19603684210526,87.83823432829483,34.21333814739084,1.875499588763947,1.8596460081728527,192.981,10.146094736842104,69.75298799827502,57.10133111476115,714.555849375,1002.2308280789472,684.4860949816477,941.734957366574,2.031158386313092,1.1055944818869683,780.8531049999999,688.737859868421,239.32473830324315,333.5800489586239,164.625,105.34210526315788,150.7302583664273,86.14037597664546,2.011819917982838,1.7682104492254145,177,24.178947368421053,55.5651363266572,65.66464895119486,6189.3036250000005,2945.394210526316,2067.8355700779066,66.64592430429508,1.8070591148860968,1.4526058756953582,11338.571,1413.9847368421051,3945.947702113776,4051.34432898366,61.17149,99.87619384210528,31.65411907778651,54.42964829408661,1.725671336821362,0.8023719925277921,139.227855,74.00907315789473,47.92957321055948,56.28387690733339,7.93475,4.796736842105263,5.930145838126488,1.8633539867254365,1.9298183568190308,1.5939520294766982,12.606,2.0229473684210526,3.759234488230284,4.993110483372963,88.5370875,90.5527894736842,15.8211068240695,1.3173251087983304,1.1823092855228023,0.8344321235253837,400.9733,63.30173684210526,132.9707226746873,147.12176015322137,3.375,4.347368421052631,3.105018683894804,3.860104753480312,1.996078323078895,1.0499714636976702,4,3.142105263157895,1.4086784586980805,1.873743346198679
Li1Fe0.95Co0.05As1,10.29,4.0,49.16025,45.95413333333333,36.169588082706895,30.76532246611261,1.2043041015455702,0.9315720358909128,67.981,23.99178333333333,25.42796373458756,28.65031821781779,747.5175375,743.19018525,731.0539638805644,721.4943654917831,1.3650623859203028,1.1379535635106477,426.753155,302.9934535833333,151.52007748466582,174.74593823240545,148.5,147.26666666666665,147.33567079468344,145.74980871616663,1.378751307761581,1.1573543863772393,48,53.13333333333333,17.89553016817328,20.51005173621516,5758.75,4728.766666666666,3826.1629705798814,2893.617974283896,1.1676603264506156,0.9357050451813488,8366.0,2345.1,3226.4824015481627,3101.632077722236,54.41754,52.098683833333325,46.55435212442781,42.90687254435611,1.2720497755564302,1.0172573792594866,62.81173499999999,25.116653583333328,23.41754755651117,25.9443958872149,15.177500000000002,14.876499999999998,11.676896458008864,10.49752513207673,1.1959886179071193,0.9101769381487056,24.7,8.963333333333333,8.775250352554052,10.110416052270054,78.89999999999999,72.19333333333333,76.53228372894863,70.25953908068966,1.3582706788569618,1.160493645772926,49.8,26.666666666666664,18.08562965450747,15.815181173655755,3.0,3.0,2.590020064111352,2.46621207433047,1.2650013748730702,1.0030600549209736,4,1.6166666666666665,1.4142135623730951,1.632993161855452
Sr1Pt3P1,8.375,3.0,104.55933333333331,140.7692,80.89854888615874,115.04111958706754,0.8802370272215565,0.5502541756525299,164.11,110.8556,68.0599186273063,68.89138683580119,808.5764616666665,830.909523,783.2997336237974,814.7878090659992,1.068783581739284,0.9057393519158432,462.35612,408.749054,192.84062384785307,151.85734149653462,164.66666666666666,169.6,156.03229114582325,164.10355824278085,1.0492723095901542,0.8921351696676114,121,86.6,50.16195991209098,39.322258327822425,8634.333333333334,13760.6,4685.147174073535,8610.033899031681,0.5752234572419975,0.2835571221324449,19627.0,12505.4,9068.03162519604,9421.01021334761,94.00855166666668,138.533163,40.923329029929576,78.0108739315025,0.6472319681639864,0.373308128745985,200.6888,122.265792,83.38597932905911,84.53161805369845,9.229,13.3774,4.573725381726946,8.185863142014014,0.6863167716381712,0.4027951496882068,18.943,11.6286,7.8373725614306915,7.916342529223961,35.745333333333335,50.08719999999999,8.425766685827874,19.830372234107088,0.6490403702267233,0.4147765989504891,71.36399999999999,42.9128,29.13525430737744,28.598103702168785,3.0,2.6,2.7144176165949063,2.402248867962862,0.9950269898795212,1.012330838803173,3,0.7999999999999999,1.4142135623730951,1.2
Ba0.72K0.28Fe2As2,33.45,4.0,76.798,74.271376,68.84557524832545,70.08659667103447,1.27635596460641,1.1837769386019037,98.229,27.779312,37.17390693080296,27.889224841623403,657.7864875,779.6397096400001,624.4751798076293,757.2937900012666,1.3355338183832808,1.0440025560622652,528.1588899999999,355.34499244,209.57371012752083,172.16858808410083,192.75,160.04,183.8017273946484,153.85511184043676,1.3412620382852287,1.274370994473609,134,48.792,56.88749862667544,48.062858841313215,4493.25,5994.112000000001,3417.7024045507314,5452.073087112252,1.1906322118383743,0.9531018091505644,7012.0,3101.3280000000004,2603.09271588624,1950.817314731444,39.1246675,42.41403412,30.17955682184552,31.302549890860583,1.1547630811064116,0.8250650720606841,64.64495,29.414803039999995,26.5632247029174,30.429801695722315,12.74125,17.76004,8.930177301564624,15.012415077582784,1.101425289269797,0.8583952654435917,25.365,10.94924,9.549802599399634,8.682668794696708,62.875,60.62960000000001,52.52612508641094,54.59064295303233,1.2433551832205147,1.0622901342593067,84.1,29.510400000000004,31.685751924169324,23.55491973749858,2.75,3.544,2.340347319320716,3.264260599479282,1.2406842915533958,0.9590583104853,4,1.944,1.479019945774904,1.2930831373117508
Nd1.85Ce0.15Cu1O4,21.2325,4.0,90.97575,59.34387142857143,67.32713447408929,36.49642698252599,1.1763907421417428,1.010631659216372,128.243,35.11861428571429,53.91187667098503,55.86414713888415,781.7214700000001,1009.6479855,726.8046906124209,936.4696839509706,1.3096820882857243,0.7831195723031747,780.8531049999999,739.3666225357143,319.1945244060016,357.41192605438715,148.0,104.65714285714286,127.68339759495632,83.7573961034156,1.2698029275133773,1.1310327630108654,162,49.94285714285714,66.34756966159348,69.74420318242241,5684.60725,3277.7380000000003,882.8059592871898,56.442796149102726,1.0910448654170946,0.8298362179633146,8958.571,1851.0334285714289,3389.4510136241365,3831.876993284772,89.15214,111.35747357142856,79.07224998448882,101.3053423004151,1.2743990315007443,0.8129497048869112,92.722085,79.51742357142857,41.629727639796215,40.59237681943959,6.523499999999999,4.122,3.8767793551321663,1.582321435582108,1.0977808403696976,0.9892566217246443,12.606,1.77,4.501850369570273,4.64356476365795,107.206675,61.90382857142857,6.68427802245567,0.6562524320737376,0.284506047981305,0.2823621676181655,400.9733,57.27045714285714,169.72614416661585,138.61520783859297,3.5,4.571428571428571,3.2237097954706257,4.207096763645163,1.30130555003691,0.7528660172362456,4,3.364285714285714,1.5,1.6781914463529617
Mg0.99Al0.01B2,37.95,3.0,20.69933333333333,15.317923333333331,19.21078936461552,14.167516107507277,1.0336691205723754,0.7236789349146436,16.171,7.930709999999999,7.077001923288012,6.37560701037861,705.30535,779.1292396666666,698.727677798481,778.4532344599938,1.0895182406080228,0.6374314966657615,223.07332,531.8298226333333,93.91012813524355,31.771644997870148,116.66666666666669,106.24333333333334,114.17992517149489,103.07908366402587,1.0776440551523725,0.7104167862364179,58,57.60666666666667,23.697163449568293,27.25834653010992,2258.6666666666665,2142.5333333333333,2222.128613338355,2122.2529025212657,1.082837860844939,0.606802018167353,960.0,1551.006666666667,396.1155835807972,284.6532081127646,23.18856166666667,18.152366283333336,0.0048622663017434,0.004569214535054,0.6680040761483956,0.0456930825456432,42.549885,18.010533333333335,17.58046251426866,12.770886439636078,23.12933333333333,36.29978,16.580284305141284,27.76867548994356,0.7794468533264804,0.2792543856430098,41.723,33.43096333333334,19.16356672322654,19.65829854264097,140.0,70.27000000000001,99.94143237169236,48.51649905847334,0.8671704586867692,0.6272829705753323,210.0,50.690000000000005,86.47543003651384,61.369675736474285,2.6666666666666665,2.67,2.6207413942088964,2.624285852902312,1.082195529738767,0.582826612095188,1,1.99,0.4714045207910317,0.4702127178203499
Mo0.7Re0.3,12.75,2.0,141.0835,123.0341,133.67282341598084,117.07440747869929,0.6410900461965732,0.6889161140696085,90.247,11.3099,45.1235,41.35637087426797,720.067555,705.7491809999999,719.1772624333687,705.0062712549404,0.6919110338208732,0.6278474247027094,71.59186999999997,252.231087,35.795934999999986,32.8075163418438,189.0,189.4,188.9973544788392,189.3977761936657,0.6931331829261411,0.60897366950066,2,76.6,1.0,0.916515138991168,15620.0,13460.0,14656.88916516736,12688.358492895391,0.6321380809129677,0.6911612717886868,10800.0,848.0,5400.0,4949.181750552307,43.225280000000005,54.726292,32.275638640892915,44.484053882660895,0.4517567164954171,0.2771473333725329,57.50506000000001,46.042642,28.752530000000004,26.35212902929773,32.6,32.36,32.59447805994138,32.35537293323392,0.6929778004777551,0.6173188549202206,1.2000000000000028,12.439999999999998,0.6000000000000014,0.5499090833947021,93.0,111.0,81.38795979750326,100.52815956036171,0.5710227107429162,0.3858726103331937,90.0,82.19999999999999,45.0,41.24318125460256,6.5,6.299999999999999,6.48074069840786,6.283987135300645,0.6901856758188041,0.6365141680948128,1,2.099999999999999,0.5,0.4582575694955839
Ba0.81K0.19Fe2As2,12.73333333,4.0,76.798,76.03949800000001,68.84557524832545,71.68954048456197,1.27635596460641,1.163296605294564,98.229,28.483076,37.17390693080296,28.705083573436884,657.7864875,781.1524014700001,624.4751798076293,759.7904993397074,1.3355338183832808,1.0332581184959193,528.1588899999999,362.88413737,209.57371012752083,169.33784392276138,192.75,160.22,183.8017273946484,153.96683655308402,1.3412620382852287,1.2410593704782162,134,53.166,56.88749862667544,48.39082144374076,4493.25,6041.776000000001,3417.7024045507314,5591.625366427929,1.1906322118383743,0.9579993259264048,7012.0,3116.8440000000005,2603.09271588624,1854.830622408418,39.1246675,41.79402150999999,30.17955682184552,30.607873811573267,1.1547630811064116,0.7942669000130907,64.64495,29.57863457,26.5632247029174,30.65285877922715,12.74125,17.84617,8.930177301564624,15.31672939610348,1.101425289269797,0.8623200513116298,25.365,10.99127,9.549802599399634,8.551978348961134,62.875,59.11580000000001,52.52612508641094,52.92878205748973,1.2433551832205147,1.02778377012456,84.1,29.179200000000005,31.685751924169324,23.517789231983524,2.75,3.5620000000000003,2.340347319320716,3.305242762447549,1.2406842915533958,0.9571099465484862,4,1.962,1.479019945774904,1.2641819489298207
Nb0.95Mg0.05N0.92O0.08,16.53333333,4.0,36.80425,51.821155000000005,26.671309475641586,35.07079820180297,1.0528844165484337,0.5024160748295264,78.899,43.522725,32.61982004376328,39.11265038029224,1026.52803625,1025.831896975,970.3169270107496,956.7567292505375,1.3321817864477123,0.8777849923328697,750.1708750000001,626.6208676500002,334.4354196928449,370.0346531816821,111.75,125.355,93.7271937593558,103.8403892303409,1.225733967964691,0.7072017107948599,150,92.13,62.6832314100031,70.4866581347137,2577.6699,4114.832436,71.82825433975933,100.0098783629837,0.4561373346093955,0.0601045705512784,8568.7494,4070.69284,3531.572565889639,4246.1745636236055,56.781422500000005,46.565108275,0.0001049796980527,0.000142967475726,0.663747135435826,0.3690917437727109,140.964585,40.926524875,59.99631337538421,46.398339058056834,9.01025,13.100885000000002,2.90830797464951,4.156580415356577,0.7007704466991047,0.2105248122497942,25.956,12.522239999999998,10.545101288631606,12.70691346794236,52.438175,29.420528,1.552908522282581,1.2148260362690966,0.5712817985558825,0.3951502088326942,155.974,25.506432,63.6801432935878,33.355443658821514,4.5,4.965,4.161791450287817,4.922534333956009,1.3219700741167633,0.9019570316892628,4,2.325,1.5,0.513590303646788
Y1Ba1.95La0.05Cu3O6.98,89.65,5.0,88.93660000000001,51.30584899845917,70.35859978212198,34.97840298864226,1.4458230554638107,1.3402531006969725,122.906,20.095716486902923,46.48235968450828,44.216596697998696,740.0399500000001,1002.692413070108,692.2621577125386,936.0269572003074,1.5370168509090454,0.8987075378243612,811.05291,704.4950395338983,298.68446780105216,343.8765737580805,173.4,110.60785824345146,149.4180986354567,87.18323449141816,1.496916412244376,1.3799533198470362,205,37.13790446841294,75.33817093611975,77.89145087919593,4617.8858,2967.1628983050846,1043.1537920704825,66.87980748537316,1.3245483045505375,0.8487158683502126,8958.571,2070.1098289676424,2958.0214919041005,3645.2875685854215,69.797249,107.88836739599384,50.03143747771192,84.52245248012663,1.3359336582371184,0.7648343860643904,127.070745,75.62907594761171,50.67241554767637,49.315037452778746,7.640800000000001,5.225972265023112,4.930350310518901,1.9087233497153016,1.387701057487406,1.1071369293762856,12.606,2.992295839753467,4.41490685745464,5.469467608942468,90.02534,96.83677704160245,8.551989017521207,1.1093364890540127,0.4641456979495293,0.2075715316459486,400.9733,92.66668983050847,155.6244463458823,166.919427954105,3.2,4.231895223420647,2.9301560515835217,3.731185187193571,1.5154125173887332,0.8113862544160353,4,3.214946070878274,1.469693845669907,1.9244592896678523
Y0.975Ca0.025Ba2Cu4O8,80.75,5.0,69.17120000000001,49.63435333333334,54.87250924351889,34.46613034578866,1.4191714505923856,1.2967546439537625,121.328,18.24347,41.809126799779015,42.19859471193113,750.383142,1006.5726869333332,705.0847830510737,943.1959619208355,1.541861301021228,0.8855972616273593,811.05291,699.781101325,292.3403242325816,336.8047274268192,167.0,107.57,144.92451772406534,85.90640698920873,1.500622339869293,1.3502292202932318,205,33.81,71.8776738633075,74.46597724240692,3698.6858,3151.3588,791.9470941162958,71.11154421620246,1.218288237193935,0.7207836580383755,8958.571,2388.5712000000003,3052.920005713638,3797.890282259932,61.07500500000001,110.73760339166668,26.05421006813238,88.76781962276729,1.1203510132410623,0.7603177269377127,139.227855,75.17821745,57.43265066173117,46.94885336390645,8.1088,5.420716666666666,5.2564315584328,1.9648264302980647,1.4045580279770622,1.0139159486667009,12.606,3.4657666666666667,4.361067502343893,5.607883960971574,127.52534,110.85390666666667,14.677077662314431,1.2816464068751197,0.8557827958809764,0.1841141583858597,400.9733,106.91909333333334,155.25645816024013,175.28087276410383,3.0,4.198333333333333,2.701920077041227,3.6892713282869,1.494365082953388,0.7923931128253036,4,3.1966666666666668,1.5491933384829668,1.940531857220821
Y1Ba2Cu3O6.71,61.96666667,4.0,76.4445,52.04966876475216,59.356326514095656,35.5628776118092,1.199538472117481,1.2883180396702238,121.328,14.614319433516917,43.82350271543798,44.36809481369434,790.52572625,995.9421584028324,737.2641697985066,929.060351936811,1.3133158868600738,0.903896728876488,811.05291,646.470603721479,314.279248621623,344.66408504294367,160.25,112.04405979543664,134.7339050424837,88.33479927410013,1.2486435701184562,1.3408146128330367,205,23.131392604248624,78.93153678980285,78.34546713634127,4235.85725,3019.794538945712,669.5565878093886,72.41349962795016,1.015407122700988,0.8127175918743217,8958.571,2114.115767899292,3194.938945916289,3652.6968156287176,75.90957375,107.0619878324154,51.27602037761395,83.22085998958056,1.0914873152193318,0.766740877200745,127.070745,72.23325612509834,54.980128706180565,49.79037283138609,8.001000000000001,5.331175452399685,4.655853429547456,1.9698534091228603,1.12718599714348,1.081891582521761,12.606,2.84585051140834,4.869859648901598,5.483074490584196,109.156675,98.91260086546026,7.629577273429074,1.2021964319160947,0.3396185736618679,0.2054951584973331,400.9733,94.63578623131392,168.65251400784655,168.069780712919,3.25,4.190401258851297,2.9129506302439405,3.687835394280319,1.2711814798605796,0.8139632532194876,4,2.931549960660897,1.6393596310755,1.9307285521836413
Mg0.9Li0.1B2,36.91666667,3.0,14.019,14.730199999999998,12.217842219732956,13.583134486780189,0.9634208581226262,0.7630675518329775,17.364,7.060133333333333,7.442919319729323,6.3059901807725645,686.20132,772.4138836666666,674.8061061408661,770.070888418498,1.0826530972927504,0.6987606980005864,280.38541,516.4134493333332,120.12481955344644,54.87689720529375,133.0,107.06666666666666,128.19406191490333,103.63674988838906,1.0644868159694871,0.8517428305577064,80,52.43333333333334,33.7441352929167,28.6332363211395,1537.3333333333333,2099.2,1294.9975959367623,2037.4027052441425,0.96166318267779,0.6070068756021698,1806.0,1542.2,750.8259156126376,399.32162475879016,28.881176666666665,19.998124333333333,0.0054411249972637,0.0103179518667656,0.6205364872870585,0.3237381069613094,59.62773,18.010533333333335,24.378628192464443,14.323390976777736,20.559,36.109766666666665,10.848150916248716,26.80273884958682,0.5873980098867091,0.2736138628514228,47.2,33.36666666666667,21.078283342498903,19.94916731709761,89.33333333333333,67.63333333333333,71.00720683308451,47.47815709889959,0.9104254529171194,0.7400032025511614,129.0,43.96666666666666,52.75309364282713,58.765343150155736,2.0,2.6333333333333333,1.81712059283214,2.560883578039487,1.0114042644073518,0.601253353743515,2,1.9666666666666663,0.816496580927726,0.5467073155618908
Bi2Sr1.5Ca1.5Cu2O8.19,80.75,5.0,83.2446,57.11855233706386,59.50576109199983,34.850580593326654,1.311509099928557,1.3895490268727186,192.981,23.55780118499013,67.23376511128913,63.828531439097695,780.389977,1011.6850512639894,740.8949298577522,952.101714724904,1.553232538357343,1.0159506886790433,764.450655,654.1728733508887,276.2148974305308,331.3344126507939,146.4,102.3449637919684,130.1387460715622,84.08948759569626,1.5155407646627377,1.5982784935190144,171,9.026991441737984,59.27765177535291,63.79677472584346,4589.6858,2884.50977682686,874.6469218868898,60.5731305245161,1.1614086463107487,1.100231897241868,9805.571,1290.4737649769586,4011.288379771088,3979.125829636774,71.55327600000001,104.33966663265306,26.19414405934706,60.20224260316643,1.1637865816204207,0.7989807112581788,139.227855,75.83244609282423,58.01047309181226,52.8765890622789,8.152800000000001,5.022472679394339,5.29302227837702,1.8767701627836808,1.4072455447973358,1.4530335284514393,12.606,1.478843976300198,4.335559866960668,5.173952477304337,129.07934,77.20596925608955,14.343748274238912,0.9850500590279738,0.8729185343178049,0.8092361652568194,400.9733,52.78349749835419,154.40939190263785,139.04269656172977,3.4,4.551678736010533,2.9925557394776896,4.08013659139439,1.4828233752680686,0.9594925406556084,4,3.0375246872942725,1.743559577416269,1.8167701736524235
Ca1.82Na0.18Cu1Cl2O2,27.055,5.0,35.6132,34.79002285714286,31.93418316454364,31.342607677583025,1.5055101002994489,1.406826918881504,47.547,9.829108571428574,16.39672795895571,15.165495583614153,879.2485079999999,1005.4933414,814.469097450503,946.2642805417768,1.5351293406494395,1.3154806943392643,818.096315,362.6592721857143,339.40920221766686,325.1131526907234,127.8,109.89714285714284,112.33800986952264,94.83939498739922,1.4975211061170302,1.3790474841296545,146,45.55428571428572,58.31089092099349,58.46591918479046,2297.1198,1709.2825714285716,143.6117868253443,45.537647604416186,0.6762457056629376,0.624966422207673,8958.571,1279.5917142857145,3383.5826046715865,3032.499139063727,132.744063,158.81982342857142,55.7446958655004,55.43447323523554,1.192490957561874,0.936972126142547,347.249515,99.25880591428572,118.78972706451876,131.72820399995365,6.207599999999999,6.1086342857142855,3.8294419165889177,3.482730049519315,1.3134159405387054,1.221016981035384,12.606,2.1535942857142856,4.439508693538059,4.234433591128999,148.60712,113.1816,4.856150772533678,0.9784025956799736,1.0024269345736128,0.812580757940043,400.9911,57.28317142857143,148.77003745286078,145.52313489824024,3.6,4.545714285714285,2.78651802273122,3.846427894366981,1.3823430584519811,1.1802039583828008,6,1.9742857142857144,2.416609194718914,2.293324829916208
Y1Ba2Cu3O6.98,89.5125,4.0,76.4445,51.29977041602465,59.356326514095656,34.97686358162139,1.199538472117481,1.2916495949453726,121.328,14.31032357473035,43.82350271543798,44.204660628561264,790.52572625,1002.5567542681048,737.2641697985066,935.7829321074672,1.3133158868600738,0.8889527183414339,811.05291,660.3546387057012,314.279248621623,344.0667232268595,160.25,110.71186440677968,134.7339050424837,87.2211434219231,1.2486435701184562,1.341990166549748,205,22.650231124807394,78.93153678980285,78.06329775943806,4235.85725,2957.0088151001537,669.5565878093886,66.73564454257475,1.015407122700988,0.8127926046273365,8958.571,2070.1098289676424,3194.938945916289,3640.086285070015,75.90957375,107.7672036440678,51.27602037761395,84.13818515685611,1.0914873152193318,0.7556110469019901,127.070745,73.66295248844376,54.980128706180565,49.506813667743984,8.001000000000001,5.229516178736517,4.655853429547456,1.9097409088836457,1.12718599714348,1.0854651238345685,12.606,2.7774175654853623,4.869859648901598,5.470395553070839,109.156675,96.85565223420646,7.629577273429074,1.1106605383062014,0.3396185736618679,0.2055446493553396,400.9733,92.66668983050847,168.65251400784655,166.91027998676773,3.25,4.228043143297381,2.9129506302439405,3.7253620571475015,1.2711814798605796,0.7980544798902599,4,2.99537750385208,1.6393596310755,1.9279189602779097
Y1Ba2Cu3O6.93,91.7375,4.0,76.4445,51.43627764887857,59.356326514095656,35.082814619727,1.199538472117481,1.291051969158759,121.328,14.365661252900232,43.82350271543798,44.2354026645172,790.52572625,1001.3526708352668,737.2641697985066,934.5555806272026,1.3133158868600738,0.891682582011496,811.05291,657.827267896365,314.279248621623,344.18500485821653,160.25,110.95436968290798,134.7339050424837,87.4228165046687,1.2486435701184562,1.3417946799776197,205,22.737819025522047,78.93153678980285,78.1164295917735,4235.85725,2968.4379713843778,669.5565878093886,67.73499475227514,1.015407122700988,0.812778743277206,8958.571,2078.1204199535964,3194.938945916289,3642.46565778622,75.90957375,107.63883016627996,51.27602037761395,83.97045095940125,1.0914873152193318,0.7576505038938851,127.070745,73.40269868909513,54.980128706180565,49.55929905829655,8.001000000000001,5.248021655065739,4.655853429547456,1.920545207184334,1.12718599714348,1.0848093101735246,12.606,2.7898747099767984,4.869859648901598,5.47284632849665,109.156675,97.23008747099767,7.629577273429074,1.1267880873223155,0.3396185736618679,0.2055355014176772,400.9733,93.02513294663574,168.65251400784655,167.1238326441263,3.25,4.221191028615623,2.9129506302439405,3.7185026007663153,1.2711814798605796,0.8009503860915137,4,2.983758700696056,1.6393596310755,1.92848540761268
Ba1Fe1.925Ni0.075As2,12.95,4.0,81.69675000000001,79.81492,76.20508899630933,75.25107002007293,1.3123000697178724,1.137938140724362,81.482,29.088405,32.93215542881303,29.983339342935103,737.36249125,783.9666759500001,719.2685561387,764.7015303234132,1.3626432111461428,1.0428108903928377,444.120455,367.742929,157.76428096976167,163.23447864588067,169.25,160.495,162.64644952573997,154.0968117108096,1.34480750139686,1.151744001927356,134,57.825,50.310908359917335,49.09103762398998,6504.75,6157.91,6127.7703315411245,5909.003302295366,1.332089098888054,1.047410134186575,5398.0,2897.8700000000003,2075.083055566692,1650.3985130567708,54.92408625,41.922250075,37.19571274215313,30.062054427915115,1.0752448655279998,0.8041075941548007,97.64282,29.7424661,41.78075545615639,32.09831332123031,16.445,18.0781,14.701254347593544,16.031583983350107,1.283054569336223,0.9206628103067116,20.58,10.82275,7.434226590574165,8.250740354053082,59.97500000000001,56.0775,50.97243350953929,49.67605376760383,1.2583616840684904,0.9648717629657976,72.5,29.59050000000001,28.273518970938163,23.317069793393856,3.0,3.585,2.7831576837137404,3.3728818925997555,1.308605386853449,0.9752194977128616,3,1.97,1.224744871391589,1.2135794164371774
Y0.93Ca0.07Ba2Cu4O8,86.25,5.0,69.17120000000001,49.487869333333336,54.87250924351889,34.3838458427251,1.4191714505923856,1.303480604988254,121.328,18.123236,41.809126799779015,42.14673324316993,750.383142,1006.5425836133334,705.0847830510737,943.1482284784216,1.541861301021228,0.8908969492597438,811.05291,698.01166291,292.3403242325816,336.8415252801586,167.0,107.516,144.92451772406534,85.88354309151693,1.500622339869293,1.366791739770964,205,33.228,71.8776738633075,74.39672311780048,3698.6858,3142.5928,791.9470941162958,70.88585782391226,1.218288237193935,0.7221483153833437,8958.571,2388.5712000000003,3052.920005713638,3798.204118239306,61.07500500000001,110.65395089666669,26.05421006813238,88.01566101413422,1.1203510132410623,0.7580884230152268,139.227855,75.17300726,57.43265066173117,47.11784847067205,8.1088,5.412166666666667,5.2564315584328,1.9631297020099512,1.4045580279770622,1.0280835670368191,12.606,3.4401466666666667,4.361067502343893,5.600944757112163,127.52534,111.40530666666668,14.677077662314431,1.2911337306335502,0.8557827958809764,0.2092222622878235,400.9733,106.91909333333334,155.25645816024013,175.27448789459908,3.0,4.195333333333334,2.701920077041227,3.684786444142052,1.494365082953388,0.7956737430426615,4,3.190666666666667,1.5491933384829668,1.943153336432534
Si1V3,16.70833333,2.0,39.514,45.228,37.825348802093,43.89645678954307,0.6507213601008817,0.4317031690395755,22.856,31.185,11.428,9.896938314448564,718.6685225,684.77816625,715.4650377518981,682.4129772754181,0.688692970305242,0.5995512033699815,135.56142499999987,291.55354875,67.78071249999994,58.69981891160939,141.0,156.0,137.77155003846036,153.4892017588753,0.6703385582997308,0.4681706231080914,60,100.5,30.0,25.98076211353316,4220.0,5165.0,3773.1021719534697,4801.422109191781,0.5891996487387853,0.3522849394258628,3780.0,4000.0,1890.0,1636.788013152589,92.143175,71.3989,82.27432721072908,64.55675946008117,0.5880418492954949,0.6910856373124394,82.97709999999998,4.583037500000003,41.48854999999999,35.93013826618087,35.85,28.675,32.85270156318959,26.57692765555448,0.6107460828923741,0.6853552351346703,28.700000000000003,3.575,14.35,12.427464544306696,89.35,60.025,67.40623116596862,45.49034289599536,0.4587230833358424,0.6657943668695598,117.3,13.975,58.65,50.79238993195733,4.5,4.75,4.472135954999579,4.728708045015878,0.6869615763973234,0.5146531652289292,1,2.75,0.5,0.4330127018922193
La1.875Ca0.125Cu1O4,23.85,4.0,64.632,56.1426607142857,48.77544542635778,35.334804503792085,1.1398738587176358,0.9184247255652008,122.906,36.49101785714286,46.05899893071928,52.61196440221449,796.8213725,1011.9760307142856,746.6904032838925,940.4684573355936,1.3176483052732637,0.78349611125892,775.835885,740.2863313392857,308.15369949974314,354.37705795151135,149.0,109.71428571428572,128.11215718846034,85.734898289616,1.2662760441836185,1.0824059911403063,178,57.07142857142857,68.18357573492314,77.28558225497041,4164.35725,2954.745142857143,590.9709365012875,53.0856404613816,0.923184666848286,0.7342978165125339,8958.571,1645.4334285714283,3573.8611059864497,3591.5228794143827,76.80206000000001,109.7516875,33.91420846099478,93.89752379488948,1.03646895067467,0.7620094987824169,139.227855,80.52017839285715,55.98013635789451,43.45947776360548,7.0585,3.9312142857142858,4.1851474205863495,1.5372993191047049,1.1165893843357213,1.0207492808658063,12.606,1.7117857142857145,4.543719484079095,4.537169880609519,153.881675,64.50632857142857,13.055585851797623,0.6555983021392161,0.728846523316167,0.4296619868729874,400.9733,57.27045714285714,163.29878375976006,139.93130029778607,3.25,4.553571428571429,2.9129506302439405,4.176745507731537,1.2711814798605796,0.731512025597819,4,3.392857142857143,1.6393596310755,1.6999962484952604
Ba0.5K0.5Bi1O3,19.66428571,4.0,100.351,69.03790000000001,65.09190914139778,36.263331118309736,1.0620620853541494,1.0619821627051718,192.981,37.8862,77.51560186504392,78.48957317688765,734.733275,1021.1875915,664.2073382323276,939.5519720119538,1.2818630663040962,0.7520885695479004,895.091345,746.4754995000001,350.0018144493676,367.1231033936647,171.75,107.0,143.32634217532802,82.92483754763016,1.2481044489831044,1.3835375274732915,205,4.4999999999999964,83.39476902060464,79.55501241279521,3545.10725,2399.4574,453.7803613315087,34.626453333574034,0.7717947751281109,0.5683026113328943,9805.571,1960.5426,3839.5720264773895,3845.044812587994,73.618055,109.0569955,54.2182122963899,92.09757177238984,1.1564093121638137,0.690040804219662,127.070745,83.18936699999999,47.57449247654159,44.14032262264422,5.29975,3.4719,3.0220877679444103,1.3216673413109077,1.0257553060164657,0.982929172165069,10.856,2.0265000000000004,4.233330862039962,4.38370328489509,32.224175,13.70002,4.475873644998263,0.3662288809436972,0.6339639798282026,0.7448790895847598,102.4733,10.23398,41.09361810295943,30.157835793266067,3.5,4.9,2.7831576837137404,4.3329906377918,1.1973401335967784,0.7608238267824572,5,3.5,2.0615528128088303,1.7578395831246945
Ba0.7K0.3Fe2As2,36.85,4.0,76.798,73.87846,68.84557524832545,69.73528273792297,1.27635596460641,1.187529613779967,98.229,27.62292,37.17390693080296,27.689331843300224,657.7864875,779.3035559,624.4751798076293,756.7400808201112,1.3355338183832808,1.0457402482385376,528.1588899999999,353.6696269,209.57371012752083,172.78954627446015,192.75,160.0,183.8017273946484,153.8302951383754,1.3412620382852287,1.2800015740221409,134,47.82000000000001,56.88749862667544,47.989582202807306,4493.25,5983.52,3417.7024045507314,5421.537545052944,1.1906322118383743,0.9517130377192752,7012.0,3097.880000000001,2603.09271588624,1971.35665205462,39.1246675,42.5518147,30.17955682184552,31.45905099086873,1.1547630811064116,0.830736762079451,64.64495,29.4703784,26.5632247029174,30.378292612224133,12.74125,17.7409,8.930177301564624,14.945615022367338,1.101425289269797,0.8572883448535797,25.365,10.9399,9.549802599399634,8.711329214878749,62.875,60.96600000000001,52.52612508641094,54.96697454772359,1.2433551832205147,1.0682663574725062,84.1,29.584000000000003,31.685751924169324,23.54995210186212,2.75,3.54,2.340347319320716,3.255222682357981,1.2406842915533958,0.959085710632851,4,1.94,1.479019945774904,1.299384469662463
La1Fe0.99925Mn0.00075As1F0.11O0.89,15.35,6.0,59.93450000000001,71.50005243749999,46.1846351532503,55.48194455213944,1.564314441732792,1.2071024445689988,122.906,34.715949125,41.0462731590823,44.28593721751085,993.2969941666668,900.4510626287499,922.30437204155,851.0065834066338,1.7176288336682175,1.4828404542857243,1142.9613099999997,292.215544395625,390.44132229284617,304.8436294301754,125.33333333333331,137.0859375,105.28085432166225,118.68971841861104,1.646087363375485,1.2953728511539948,184,56.4698125,64.9504084325538,64.51467218583765,4530.354216666667,4937.031725749999,413.4210860779798,797.0399263234063,1.378867642269039,1.091939993729979,7872.571,1966.97697675,3282.826372417981,2960.9761967417985,101.4539775,75.2891209271875,0.7984436785411182,53.9935337585839,1.223987667782347,1.4087561090887035,328.14548499999995,31.3646201625,111.25431423059813,61.903289741127445,10.262333333333334,12.04014625,4.3667408704105455,5.718230890932544,1.3285993053361749,0.9891603513374988,27.256,6.922579375,9.413452460294376,10.207492825792771,25.32743333333333,36.01809737500001,2.6112192505867435,6.180681885574881,1.073436013646076,0.9169739317455032,80.3733,20.084157750000003,29.940425057585426,31.513627977084266,5.166666666666667,4.27825,4.863250506535287,4.071467509024715,1.7361755201328275,1.4753180806905917,4,1.3336875,1.674979270186815,1.345948341319235
BaKBi1O3,30.675,4.0,100.351,72.23366666666666,65.09190914139778,40.77390304033903,1.0620620853541494,1.17659434985302,192.981,28.313666666666663,77.51560186504392,74.7458887780607,734.733275,927.79976,664.2073382323276,833.7966705837963,1.2818630663040962,0.9176215830769392,895.091345,587.1594675,350.0018144493676,395.2427718155136,171.75,130.5,143.32634217532802,99.53238804370709,1.2481044489831044,1.3501041277160564,205,18.33333333333333,83.39476902060464,89.66372361960735,3545.10725,2363.8811666666666,453.7803613315087,66.51320481257706,0.7717947751281109,0.7733630929499782,9805.571,1633.7855,3839.5720264773895,3552.2948945105622,73.618055,96.06689833333331,54.2182122963899,74.55328796230498,1.1564093121638137,0.8167000840738825,127.070745,68.1666525,47.57449247654159,50.167612629491984,5.29975,3.6811666666666665,3.0220877679444103,1.594651205048167,1.0257553060164657,1.1147229152643738,10.856,1.661333333333333,4.233330862039962,4.145722792496168,32.224175,21.49168333333333,4.475873644998263,0.8117500031472652,0.6339639798282026,0.6369457754250604,102.4733,17.069983333333333,41.09361810295943,36.82611918115622,3.5,4.333333333333333,2.7831576837137404,3.59535925050492,1.1973401335967784,0.8942436312591222,5,2.833333333333333,2.0615528128088303,2.054804667656325
Nb0.5Zr0.5,10.122,2.0,92.065,92.065,92.06115871528009,92.06115871528009,0.6931054570339542,0.6931054570339542,1.6820000000000022,0.8410000000000011,0.8410000000000011,0.8410000000000011,646.1118025000001,646.1118025000001,646.0836607289734,646.0836607289734,0.6931036251012028,0.6931036251012028,12.06062499999996,6.03031249999998,6.03031249999998,6.03031249999998,202.0,202.0,201.9603921564821,201.9603921564821,0.6929511083349825,0.6929511083349825,8,4.0,4.0,4.0,7540.5,7540.5,7469.890896124247,7469.890896124247,0.6837978676804015,0.6837978676804015,2059.0,1029.5,1029.5,1029.5,63.6318575,63.6318575,59.51005205832078,59.51005205832078,0.6290893661386447,0.6290893661386447,45.05849500000001,22.529247500000004,22.529247500000004,22.529247500000004,23.7,23.7,23.5457002444183,23.5457002444183,0.6866437251210344,0.6866437251210344,5.399999999999999,2.7,2.7,2.7,38.2,38.2,34.91403729161095,34.91403729161095,0.6084046597524645,0.6084046597524645,31.000000000000004,15.500000000000002,15.500000000000002,15.500000000000002,4.5,4.5,4.472135954999579,4.472135954999579,0.6869615763973234,0.6869615763973234,1,0.5,0.5,0.5
Sr1Fe2As1.3P0.7,28.475,4.0,62.34025,63.67808,58.04950891443128,60.73687221809259,1.322971773391517,1.267860158952277,56.646,18.001640000000002,21.35062121315209,17.938634674734868,817.6862537500001,802.7436218,795.981332324371,786.024374303419,1.3609682814851478,1.3085035953550006,462.35612,195.0733730000001,179.8641422193308,158.14552416091908,148.0,150.86,141.2815456620052,145.79832105143413,1.3395425220672328,1.2671759182739153,121,48.68000000000001,45.95106092355213,39.92844099135352,4513.5,5419.840000000001,3834.5663133890976,4742.862291060548,1.2382723978597463,1.0406379039861953,6051.0,2894.380000000001,2426.5152482521103,2408.640358044347,42.74285499999999,37.7275647,25.339804697408056,23.153162504083564,1.0387267930249793,1.074677785775592,73.90750999999999,19.4938294,32.87867064533802,31.794403206562208,12.39925,14.30398,6.57365500204627,9.545070179844776,1.0230015608541612,0.980619499922216,27.043,7.11002,9.983449388237515,9.0707996901927,41.559,52.32504,13.55091926237805,26.686629043645844,1.051588362326766,0.9208195322563968,80.164,32.126960000000004,28.84793654665789,27.45185579224837,3.75,3.6000000000000005,3.499635511580583,3.393458190271589,1.3229495106045284,1.2965808843804782,3,0.9,1.299038105676658,1.2
Ba1Fe1.884Co0.116As2,22.93333333,4.0,81.75675,79.84384159999999,76.28287188066778,75.28889656994052,1.3125958349549796,1.1559838409705383,81.482,28.6015544,32.89038174280591,29.961856877017976,743.1757125,784.298854508,724.874908839471,765.0411614829807,1.362739174799401,1.0681128217933669,444.120455,361.158869788,158.07727532721103,163.16121700194276,170.0,160.50719999999998,163.4590299324649,154.11006680024045,1.3455183674350106,1.1761515313493531,134,55.25439999999999,50.02499375312305,49.08621342250795,6502.75,6166.2032,6126.39407758987,5914.861439153604,1.3321690393405774,1.08097343424715,5390.0,2760.4432,2072.768363204147,1661.5038287978034,42.9840675,41.599855096,32.34474945431943,30.15525634958881,1.1478364875754914,0.789079780568087,64.64495,29.935899228,28.6603085401515,31.031582980158817,16.2075,18.083448,14.4932943968178,16.03886503159843,1.2818495963031755,0.939225148348002,20.58,10.70416,7.423076771123951,8.245860956340216,62.25,56.37472,52.20287204381002,49.83627006534709,1.2467534385015937,1.010877596109938,81.6,27.97472,30.913225325093467,23.77634187425812,3.25,3.6,3.0800702882410227,3.393458190271589,1.3322449220385326,1.010697845712186,3,1.9304,1.0897247358851685,1.2
Ba0.63K0.37Bi1O3,29.58571429,4.0,100.351,71.591854,65.09190914139778,37.467380571885485,1.0620620853541494,1.0565039428206278,192.981,38.902748,77.51560186504392,79.0697951761144,734.733275,1023.37259081,664.2073382323276,944.0295495258164,1.2818630663040962,0.7519129521845838,895.091345,757.36537551,350.0018144493676,363.7663682292962,171.75,107.26,143.32634217532802,83.01183225982749,1.2481044489831044,1.365523561185194,205,13.896,83.39476902060464,80.01407626161787,3545.10725,2468.3054,453.7803613315087,35.91391965079156,0.7717947751281109,0.5879787519919554,9805.571,1960.5426,3839.5720264773895,3840.603772007136,73.618055,108.16142173,54.2182122963899,89.15995153586167,1.1564093121638137,0.672087762611004,127.070745,82.82812716,47.57449247654159,45.685545989516434,5.29975,3.5963100000000003,3.0220877679444103,1.3605395765939898,1.0257553060164657,0.9769360718520278,10.856,2.08721,4.233330862039962,4.417442137017757,32.224175,11.513419999999998,4.475873644998263,0.3502345875935289,0.6339639798282026,0.8805562682511141,102.4733,7.56898,41.09361810295943,26.462555198574456,3.5,4.926,2.7831576837137404,4.411786938118276,1.1973401335967784,0.7680249506046308,5,3.526,2.0615528128088303,1.7066118480779395
Mo0.6Re0.4,11.63333333,2.0,141.0835,132.0588,133.67282341598084,125.09862748020362,0.6410900461965732,0.6849294720370044,90.247,16.906800000000004,45.1235,44.2118201633907,720.067555,712.908368,719.1772624333687,712.0565147230135,0.6919110338208732,0.6815813089271092,71.59186999999997,108.217576,35.795934999999986,35.07271024633333,189.0,189.2,188.9973544788392,189.1974594036032,0.6931331829261411,0.6719695840877133,2,38.8,1.0,0.9797958971132712,15620.0,14540.0,14656.88916516736,13637.150146503413,0.6321380809129677,0.6808452515473041,10800.0,2276.0,5400.0,5290.897844411665,43.225280000000005,48.975786,32.275638640892915,37.89130834899705,0.4517567164954171,0.3633298601735817,57.50506000000001,37.397586,28.752530000000004,28.171610925626247,32.6,32.480000000000004,32.59447805994138,32.474705436593496,0.6929778004777551,0.6764435178518211,1.2000000000000028,5.919999999999998,0.6000000000000014,0.5878775382679642,93.0,102.0,81.38795979750326,90.45320231376944,0.5710227107429162,0.4836539813132883,90.0,63.6,45.0,44.0908153700972,6.5,6.4,6.48074069840786,6.381605689480846,0.6901856758188041,0.6853142070764583,1,0.7999999999999994,0.5,0.4898979485566356
Hg1Ba2Cu1O4.18,95.16,4.0,104.3655,74.04227628361858,72.74641016924643,43.63705481155469,1.1294606215198002,1.2044508556157547,184.591,25.8078239608802,70.39262174581935,68.35199628297211,892.3415225,1008.6249378239607,839.2323851123502,938.3793622307546,1.3280851582724869,1.0013790113102152,811.05291,580.2928730317849,301.7327499954514,344.4376234108884,150.0,122.93887530562348,127.68561118852875,94.89994328664449,1.2535137696239675,1.2308217427703292,205,46.21026894865526,74.05741016265692,85.38813256587324,6501.35725,3608.7986821515897,883.1172780800794,85.95609286178798,0.9778615960968504,1.0627140938398691,13532.571,1653.7930048899757,5164.791226989015,4711.211775273164,68.50435,89.99738634474328,0.0695047950866895,2.5640734787082056,0.8552459610403323,0.5966503867461518,140.964585,72.03324759168704,62.23248842350845,61.948423466338014,5.72725,3.843633251833741,3.1193495313337363,1.6170755784650142,0.9906846416157196,1.0817957674115997,12.606,1.513946210268949,4.879945971780836,4.380092047516055,106.931675,54.54909608801957,6.358986270945021,0.8625402339925895,0.272935001818301,0.3779904513214364,400.9733,49.00836112469438,169.90506043057363,129.51223767525758,3.0,4.0440097799511,2.6321480259049848,3.506227755979105,1.242453324494,0.804633231360735,4,2.8215158924205377,1.7320508075688772,1.9995157261868823
Tm1Ba2Cu3O7,90.83333333,4.0,96.4515,57.40146153846154,69.68888463421531,36.70315034411505,1.158344510748737,1.3374474195097812,152.935,12.512384615384615,60.1662197437233,53.58537640728167,789.729725,1002.7908707692308,736.2838619069198,935.888448680499,1.3129619414670168,0.8873296831568351,811.05291,661.6050669230768,314.7648449032835,344.3064573797919,162.75,111.3846153846154,136.29539281815374,87.45054224819715,1.2462217128853763,1.345881926567466,205,21.84615384615385,80.67023924595736,79.07984131101395,5448.10725,3325.4617692307693,804.5026254313098,70.19805925661632,1.023413871457109,0.9233760003744876,9319.571,2066.922846153846,3897.282790997811,4005.793953496383,80.564975,109.2507076923077,57.92582377179178,87.42440314438662,1.1494045228433574,0.7921013452019103,127.070745,73.76649346153846,51.544622310348615,47.42830801758171,9.363500000000002,5.641384615384616,5.133976668154988,1.9636435083441883,1.0949413833665147,1.1251339176087745,16.396,2.7724615384615388,6.206430274320336,6.098763979925788,109.081675,96.6836076923077,7.596088927793514,1.1028149333593318,0.3376226065821686,0.2045709327835556,400.9733,92.52408461538462,168.69345232526624,166.8360261401386,3.25,4.230769230769231,2.9129506302439405,3.728094582670636,1.2711814798605796,0.7969023649460402,4,3.0,1.6393596310755,1.9276867824833337
Y0.8Pr0.2Ba2Cu3O6.96,72.35,5.0,89.3372,52.15674691358024,70.56035258852464,35.26887148068268,1.444535308973285,1.389400267128568,124.909,19.017932098765428,46.917868295138895,45.34864569197674,738.0330620000001,1000.9684450462962,689.6608171968622,933.4550367081702,1.535931570056902,0.9089133379234904,811.05291,697.4814289969135,300.06511975168064,345.52020467691693,177.6,111.34876543209876,152.09709122265988,87.50767501967704,1.492529994371754,1.425635612002026,205,35.23148148148148,78.66536722090605,78.89948265149381,4743.2858,2997.0791543209875,1063.6188979110775,67.56411100342305,1.323573397766869,0.9027505799862432,8958.571,2073.306648148148,3032.497786961528,3666.727289128963,70.376159,108.0033435648148,50.65442738088957,84.70641221945962,1.341507660004664,0.778838489641263,127.070745,74.95872003086419,50.405618310071496,49.12624378854174,7.778800000000001,5.167456790123456,5.035507930512905,1.899255178772256,1.394548507056371,1.1362715096489646,12.606,2.914506172839506,4.378346464134606,5.421170813475041,89.82534000000001,96.93254876543207,8.421362912893093,1.1115800232704995,0.4572889043571233,0.2080176906248484,400.9733,92.80973518518518,155.72327519180428,167.03129941360262,3.2,4.2253086419753085,2.9301560515835217,3.722623110002158,1.5154125173887332,0.8266244604954143,4,3.1759259259259256,1.469693845669907,1.9281479544811289
Nd1Fe1As1F0.18O0.82,49.66666667,5.0,62.0012,72.886955,44.94663911614705,56.17618402932381,1.3320640717988026,1.205576370999874,128.243,35.20559,46.762961135496965,46.26702907538991,1047.499051,905.629919125,968.0526469792698,852.694513991399,1.5339938653756744,1.5287398941716586,1147.9785299999996,193.708592675,407.0329004202856,318.5703264106879,114.2,131.98,94.93052038629618,115.7005348993329,1.4492534892377376,1.317648968158616,164,49.61,62.91708829880798,58.019217505926434,4122.22506,5152.3692785,238.1430548614244,826.0815155305207,1.0916790780032013,1.0909688113467466,7872.571,1968.4236665,3433.15486667918,3070.3753624064125,122.323683,79.291373,77.28008186736845,55.92176849699776,1.2303489037892288,1.461921451675949,312.41842999999994,24.965976175,110.88559603174085,69.41013545136649,9.9208,12.27647,3.6163042445989375,5.938094184020052,1.049631490696167,1.0082051713031572,27.256,6.90205,10.17183929090506,10.079029056367483,29.430920000000004,36.781729000000006,2.1832920578780595,6.506507358026584,0.9456792120311516,0.9441429552101562,80.3733,20.0987445,31.38648190246241,31.0035013013282,4.8,4.295,4.5216022974376,4.081817154800129,1.552604198475667,1.5184175090320249,4,0.935,1.6,1.3740360257285833
Tm1Rh4B4,8.888,3.0,94.217,69.31133333333332,57.280641971726645,39.94276701552519,0.8003168601720013,0.8131125988199511,158.123,40.93111111111111,64.84517367288538,55.90491752172712,705.6591283333332,741.991091111111,700.5422088209367,739.0423328502956,1.0914564403419569,0.9309521560999092,203.96929,289.5407644444444,83.85837431850464,64.00200398409359,160.66666666666666,140.2222222222222,149.49939784174495,131.03931063733964,1.0338614769316985,0.9904099976152708,135,52.22222222222222,55.799243324220406,49.79464000110359,8023.666666666667,7591.222222222223,6468.695611556995,5727.100244196893,0.9355274111491314,0.7761669973222032,10070.0,4479.888888888889,4212.167322834594,4786.276069898596,61.653915000000005,66.12438666666667,52.29048074497322,53.71392779263756,0.9413305270477595,0.7381240470499044,82.687645,43.39680888888889,35.06385791797754,39.488711995956656,29.51333333333333,33.73777777777778,26.292270278254435,30.501656207230628,0.9810920995358756,0.7911633639374842,33.36,20.44,14.750876433471865,14.789661387287314,64.63333333333334,80.54444444444444,40.90539360524708,54.9218553157931,0.6857825325151052,0.5278055916869202,133.1,64.78888888888888,60.504012722757125,62.195875374338506,3.0,3.0,3.0000000000000004,3.0000000000000004,1.0986122883681095,0.9649629227074276,0,1.0,0.0,0.0
Mg1B1.96C0.04,36.25,3.0,15.708999999999998,15.325,14.668314733445746,14.182472953777983,1.0276497881493798,0.7416411282995455,13.494,7.94152,6.0980003279763775,6.3513003393006064,874.92598,783.4736376,862.5319132987916,782.2658754100125,1.0840066285764904,0.7072161781242479,348.6967900000001,508.59430493333326,151.7388115013271,45.97523118698396,99.66666666666669,106.06666666666663,94.54836414638156,102.79127267432884,1.0453438925785568,0.732681606393811,78,55.946666666666665,33.079029946814074,27.62478758088266,2115.0,2138.36,2096.8742340847257,2118.248810235329,1.0903070515950457,0.6539107191887872,602.0,1498.5733333333333,268.2399423401867,283.2202271495923,49.62545166666666,19.27513006666667,0.006904946660633,0.0042638490958065,0.4736071973403113,0.2891372026702162,121.860555,17.650322666666668,52.25511762875803,17.415707839284714,54.559000000000005,37.023,35.48502098998265,28.021390361054323,0.8006011377447559,0.4275648578785281,96.523,31.397333333333336,39.52571351242968,21.13472925463364,104.0,71.36,81.60047577577268,49.46982660916814,0.9235130186771092,0.6658981774523993,129.0,50.28,55.5517776493246,60.97467015080935,3.0,2.68,2.8844991406148166,2.63081323599066,1.0608569468580211,0.6528575546627517,2,1.9066666666666667,0.816496580927726,0.4942334131426836
Y1Ni2B2C1,14.17727273,4.0,42.60525,39.9875,28.69066426735393,27.472768817715064,1.068450886469813,1.0844153804500882,78.095,17.562499999999996,32.97520893318949,30.490523007157485,806.0115687499999,793.6373675,787.5104272939212,781.0316030531648,1.3627399896939476,1.3276037508474774,486.5738550000001,166.90296916666665,177.4152733414721,147.0586475843575,128.75,125.16666666666669,116.48742527958083,115.60331402655927,1.2899286446550302,1.2782363081263184,145,38.5,56.78192934376217,49.95470170286499,4496.75,4872.499999999999,3812.741356435296,4048.780578898546,1.2204178397364824,1.08057591383815,6641.0,2591.4999999999995,2696.437221130876,2953.71696624214,72.5084775,71.43106166666666,57.42806708659892,56.5703298022468,1.1859366045643187,1.1432033642061032,94.844755,32.24207083333333,44.35018326239651,43.691289764546575,45.935,41.84833333333333,31.85445771825542,30.993797010859936,1.0679958611208666,1.1433586602060324,93.61,15.601666666666668,37.17794272145784,32.340271807076014,66.025,63.66666666666666,48.30715391351752,48.714947852997504,1.1281149410006237,1.1361486037045685,111.8,27.433333333333334,46.074525228156176,42.03132429774516,3.0,2.833333333333333,2.9129506302439405,2.749459273997205,1.3579778545873245,1.35458107481317,2,0.5,0.7071067811865476,0.6871842709362768
La1.83Sr0.17Cu0.98Ni0.02O4,22.45,5.0,72.9526,56.64807,59.18582402976206,35.71771653989384,1.4457929583507043,1.0106458384073296,122.906,36.14604142857144,40.25017902370124,52.37410200162413,776.820032,1011.3053221285714,734.2956479260066,939.3760914714323,1.5493556968113702,0.7998399891401,775.835885,748.7125731428571,282.7436806422876,355.1958229929191,154.0,110.1757142857143,135.28137409761914,85.94059203902643,1.50650331881979,1.1435060835925692,178,58.65714285714287,65.33911539039995,77.79824995408552,5329.0858,2951.279428571429,1130.1439129964454,53.29671731151491,1.3002028515144444,0.8208924466499615,8958.571,1605.9234285714288,3530.6799550010987,3577.5832798453225,84.32789,109.51984782857144,52.35794852072084,94.14752452739128,1.3645721999222422,0.7773155313348783,136.333305,80.43871748571429,51.05334902943949,43.83816871680045,8.854800000000001,3.931014285714286,5.396691865385785,1.5364658353550984,1.3484289622545207,1.0943760942790406,16.706,1.778,5.765927866354208,4.55329337322482,108.16534,60.80397142857143,13.59913576592451,0.6368246709678508,0.7925995863168404,0.3245094747961811,400.9733,56.12474285714285,149.66664078966426,137.5380119723553,3.0,4.547142857142857,2.701920077041227,4.1658727404984415,1.494365082953388,0.7445503372169557,4,3.4228571428571426,1.5491933384829668,1.7077321158752732
Nb3Sn0.7Al0.3,15.775,3.0,79.53266666666666,92.4774,66.76288084542023,88.38908953442835,0.9610703899337484,0.6323600552653625,91.728,67.65585,38.62331790799726,21.030631422760468,646.0957216666667,656.4260489999999,643.8386986543252,655.6847854483856,1.0951410972495066,0.7134205450665968,131.02663000000007,445.7896455,53.66198900864101,30.92531494471489,153.66666666666666,182.725,150.18909485407158,180.355521938012,1.0756018378909007,0.5893459052836719,80,139.65,33.229839334884275,27.17074483704854,6192.666666666667,7909.1,5529.001588831268,7642.743833393728,1.004128110277967,0.5570134644478727,5872.0,6225.15,2524.073603434645,1557.9056422004512,78.66743666666667,86.588051125,73.26975618756397,84.91797463450088,1.0351166688563247,0.6714993626167786,64.74143500000001,61.429587375,26.956503856921167,14.852547013511415,14.713333333333331,21.8334,12.573103670241418,19.57251194034167,0.9436337620712903,0.3722142804666199,19.371,18.996675,8.39932196998993,7.954448798628349,119.16666666666669,69.74000000000001,94.73265258861024,62.36238572887121,0.8707065578882789,0.9648639298735312,183.3,28.585000000000008,83.49220855198938,47.88180134456096,4.0,4.675,3.914867641168864,4.627773510482865,1.077556326766801,0.6071939556167788,2,3.525,0.816496580927726,0.6077622890571609
Sr1Fe1.8Co0.2As2,18.365,4.0,69.33,69.95432,68.17715336224087,68.87999118859118,1.3694476742304358,1.1825195653064433,31.77500000000001,27.61148,12.803684996906163,12.19882844774858,754.82627625,793.5852656,741.1146486444247,778.6875851505797,1.368557575047405,1.1190036970880302,397.5182,348.38417860000004,140.6999170329696,147.3952267504874,161.5,153.64,157.66664111396915,149.6601604355138,1.3619298736463052,1.2164840561528616,100,50.08,36.16973873281365,36.55776798438329,6282.75,6007.4400000000005,5699.8980414479975,5594.586215905271,1.3044707038507704,1.1027406131767243,6270.0,2478.64,2399.6622027902176,1975.300383840392,40.6684275,40.5545752,24.576694878851768,24.78297316212713,1.0458520045181985,0.7329998145173446,73.90750999999999,30.48926,31.180520205116547,32.84346814971956,16.285,18.1856,14.648539247092584,16.219594607205917,1.286170454649753,0.979902979831019,20.27,10.432,7.328814706349179,8.148394236903366,66.5,60.104,61.480976530389725,57.01305550601235,1.3125244620010716,1.1504454024197122,64.6,24.944000000000003,25.240641830191244,19.31980289754531,3.25,3.6,3.0800702882410227,3.393458190271589,1.3322449220385326,1.0452492982694988,3,1.88,1.0897247358851685,1.2
Au0.24Nb0.76,10.78,2.0,144.93650000000002,117.88064,135.27533441836326,111.26733651625442,0.6272501851055574,0.6734216643610502,104.061,23.33648000000001,52.0305,44.44269759938521,771.1563625000001,709.2689538,761.9171505591931,702.706043367247,0.681190235780035,0.6118884751362095,238.0284950000001,281.987061,119.01424750000008,101.6579546931298,186.0,192.24,185.61249957909607,191.954087367798,0.6910645687482917,0.5233776721615311,24,108.72,12.0,10.24999512195006,13945.0,11150.0,12867.493928500617,10416.147806436458,0.6169058751368126,0.6789193174654224,10750.0,1876.4,5375.0,4591.143648373464,154.472485,118.9505674,138.54711828317036,108.22526398808348,0.5919001917569587,0.6880377133102915,136.62276000000003,12.014312200000006,68.31138,58.34927598113974,19.475,23.076,18.202197669512334,22.084800405636365,0.6285225661855316,0.3873839114335392,13.849999999999998,17.052,6.924999999999999,5.915101351625346,185.85,117.132,130.67746554016114,82.29301346567404,0.4129979786220602,0.6464677082136929,264.3,35.50799999999999,132.14999999999998,112.878071280475,3.0,4.04,2.2360679774997894,3.397951715443256,0.4505612086663046,0.225329808547995,4,3.56,2.0,1.70833252032501
La1.885Sr0.115Cu1O4,28.414,4.0,76.51750000000001,57.06488928571428,59.30967525776223,35.85540170382993,1.197271366179244,0.9555232653150368,122.906,35.96566071428571,44.28942965595741,52.80741230951416,786.73869,1011.2395744928572,733.5849329709531,939.2516062534884,1.3125461548549562,0.7786396163268412,775.835885,741.7914973392857,315.33805240777724,355.2955238387321,155.25,110.17071428571428,132.05381131325618,85.92453687724593,1.258826828762722,1.083831323983463,178,57.260714285714286,72.997859557661,77.85579251450224,4434.35725,2979.0537142857142,674.4847514452675,53.65424831000208,0.9959827791684114,0.7531544318467164,8958.571,1654.2134285714285,3402.8561958864334,3588.8005377835293,77.5256975,109.86154256428571,43.338499264246416,95.8685664841032,1.069833191761196,0.7656856703114663,136.333305,80.47510611428571,55.01551094797658,43.21847821974849,6.781,3.9096357142857134,4.041973820125345,1.5330854030957126,1.1113815366420898,1.0022130449190332,12.606,1.7422214285714286,4.47818858468466,4.518252626388585,112.481675,61.5179,8.457619954892204,0.6347051064603632,0.4084234280800667,0.2796546829144722,400.9733,57.27045714285714,167.05381009548054,138.76881769881567,3.25,4.555,2.9129506302439405,4.1791655293581575,1.2711814798605796,0.7298454132243922,4,3.395714285714285,1.6393596310755,1.6982690767787232
La1.9Sr0.1Cu0.995Zn0.005O4,19.645,5.0,74.29,57.17609571428571,60.47688589160383,35.891551793792495,1.4518296606872134,0.9486977240168551,122.906,37.65608571428571,39.86339032746714,52.92430107645106,810.66697,1011.3301325571427,765.2835773553157,939.3406160494808,1.5504866692120027,0.7793685725411459,775.835885,750.1712885071429,286.0781714358816,355.2676469891196,148.6,110.18142857142855,129.97885842494986,85.92738351771703,1.498696436642931,1.0764000236593676,178,61.25571428571429,66.63212438456394,77.87661448518078,4974.0858,2985.283,1081.0160782349046,53.74317391255249,1.3095959003345536,0.756803836183944,8958.571,1667.3834285714283,3229.3609062237933,3589.910203463929,62.02055800000001,109.86367901785717,0.2039384408511865,94.44385218303697,1.0698331917685977,0.7655004913307669,140.964585,80.55119142857143,58.163584479907925,43.14610146083662,6.889200000000001,3.902908571428572,4.551984157772433,1.531858512330335,1.392475973938103,1.0008366849585908,12.606,1.849734285714286,4.011255085381632,4.5108632797707,113.18534,61.26740000000001,14.278748058350043,0.6328343835689336,0.8319278214382084,0.2862309396782662,400.9733,56.984028571428574,149.42409762706416,138.4918815218526,3.0,4.557142857142857,2.701920077041227,4.182798191119545,1.494365082953388,0.7292079600218239,4,3.427142857142857,1.5491933384829668,1.6956727639639022
Fe1Te0.6Se0.4,13.36666667,3.0,87.46833333333332,81.99449999999999,82.55575808891054,76.68824125142336,1.0412700692854262,1.0396947044401703,71.755,22.487999999999992,29.905281677694028,31.10784952789248,857.5586800000001,830.195534,854.3679944096737,827.1123198016063,1.0949232687610044,1.0575726126035496,178.49725,193.027891,73.34501753933165,72.16622906667442,133.0,138.9,132.04956816087372,137.83835510626847,1.0912791559994357,0.9795455623202404,36,54.0,16.30950643030009,17.131549842323082,6311.0,6772.8,6186.5089014424375,6656.477485205493,1.0789704355627736,0.9482381295786172,3055.0,2973.2,1248.2085829967148,1206.213231563972,133.631725,103.914345,83.54875485910098,54.96330676688602,0.8313685394799861,0.8923441693909537,179.26913,49.18805300000001,83.39445126574589,88.2031230972668,12.664666666666667,13.4908,11.73698092303563,12.8254001452258,1.0308776491197127,0.9393558417368744,10.796,5.5662,4.481238320920779,3.753441428875639,27.75633333333333,41.0088,4.611374810916702,10.162062335977224,0.1661896392787976,0.1045155412461665,79.881,40.0962,37.23219816532758,39.39630623243758,5.0,4.5,4.762203155904598,4.242640687119285,1.0549201676861442,1.0851886126676504,3,0.5999999999999996,1.4142135623730951,1.5
La0.8Y0.2Fe0.995Mn0.005As1F0.11O0.89,26.15,7.0,64.07328571428572,68.99913875,50.71435215628651,54.2568751668894,1.752160276803279,1.4164113459059495,122.906,27.7123275,39.33050474309907,41.74922413547944,937.089887142857,903.4906054625,867.3287714070065,855.5861768270056,1.866428776099562,1.5691689454905486,1142.9613099999997,291.4534455625,386.8101398216901,301.4778831822512,137.71428571428572,136.39125,116.35258532976178,118.3147875452908,1.810887654770316,1.5037888071800247,184,44.99875,67.34710575118447,63.61767186432949,4522.0179,4852.86210075,580.9282618371495,784.4204030532674,1.591340215449626,1.2286793351514187,7872.571,1958.61085175,3039.3752342976163,2948.809429174399,91.19210857142856,74.48605818125,1.337943270991401,51.427728209364304,1.354975048523189,1.460434711837026,328.14548499999995,31.3646201625,106.02424565947544,62.39456219036114,10.423428571428571,12.29869,5.007700207618303,5.894367266705686,1.5543523538336788,1.1084321767913554,27.256,6.910975,8.724092205858815,10.121230646215905,24.16637142857143,36.12597050000001,3.4182069609962613,6.2405121415835785,1.2930434580957266,0.9813639109742436,80.3733,19.99873275,27.8649627287805,31.372001539309377,4.857142857142857,4.2825,4.538940008729661,4.0751345142109,1.8814193750242143,1.5721019323151535,4,1.32625,1.7261494247992246,1.3482187322537835
La1.74Sr0.26Cu1O4,9.5875,4.0,76.51750000000001,56.002557142857135,59.30967525776223,35.51479898035471,1.197271366179244,1.054362395223948,122.906,31.273357142857144,44.28942965595741,51.65358834406534,786.73869,1011.4754114,733.5849329709531,939.6590549929132,1.3125461548549562,0.8045051463334659,775.835885,730.4093686428571,315.33805240777724,354.9850273776363,155.25,110.0257142857143,132.05381131325618,85.86855473721646,1.258826828762722,1.1803289444338962,178,48.04285714285714,72.997859557661,77.646171252703,4434.35725,2906.222285714286,674.4847514452675,52.71910960607946,0.9959827791684114,0.8155417179432545,8958.571,1526.9034285714283,3402.8561958864334,3559.3473757796714,77.5256975,109.01812582857144,43.338499264246416,91.44318542462072,1.069833191761196,0.7583647104875192,136.333305,80.37917245714286,55.01551094797658,44.83626117375188,6.781,3.9351142857142856,4.041973820125345,1.538843420214565,1.1113815366420898,1.084173980458747,12.606,1.6105714285714283,4.47818858468466,4.534534893594325,112.481675,61.97154285714286,8.457619954892204,0.6475069464886256,0.4084234280800667,0.3143730687604322,400.9733,57.27045714285714,167.05381009548054,138.6468456098325,3.25,4.534285714285714,2.9129506302439405,4.1442120432488005,1.2711814798605796,0.7497774322688787,4,3.354285714285714,1.6393596310755,1.7230277101068103
Ca1.85Na0.15Cu1Cl2O2,24.225,5.0,35.6132,34.863257142857144,31.93418316454364,31.41735047799375,1.5055101002994489,1.3980068407582151,47.547,10.0994,16.39672795895571,15.149587057725098,879.2485079999999,1005.8960973571428,814.469097450503,946.9683973117484,1.5351293406494395,1.3102453342852998,818.096315,364.7842853928572,339.40920221766686,324.5392343995259,127.8,109.91428571428573,112.33800986952264,94.84786347488031,1.4975211061170302,1.3609424155713483,146,47.2,58.31089092099349,58.48998518846572,2297.1198,1711.764,143.6117868253443,45.62901292720376,0.6762457056629376,0.6191477701363448,8958.571,1279.5917142857145,3383.5826046715865,3032.130872364233,132.744063,158.60066464285714,55.7446958655004,54.62884687298104,1.192490957561874,0.9316145784866244,347.249515,99.25136278571428,118.78972706451876,131.94664393125404,6.207599999999999,6.1341,3.8294419165889177,3.5005376291596213,1.3134159405387054,1.213588959157774,12.606,2.201328571428572,4.439508693538059,4.231110373176289,148.60712,113.43874285714286,4.856150772533678,0.9798903875802372,1.0024269345736128,0.7977466257544672,400.9911,57.28317142857143,148.77003745286078,145.62503852464832,3.6,4.55,2.78651802273122,3.8578711999418864,1.3823430584519811,1.178204093977755,6,1.9785714285714289,2.416609194718914,2.287621971767688
K0.8Fe2Se2,31.36428571,3.0,57.967666666666666,62.68508333333333,55.6564274404991,60.793272434235,1.0588061849918151,0.9415378884874948,39.862,26.383666666666663,16.342664946561058,14.919224909817608,707.3958583333333,779.5344766666667,669.781738587374,753.1894554156407,1.0486554269543291,0.9275622393451914,522.0803350000001,322.2438191666667,216.6611488398396,180.7143201175192,173.0,155.5,165.69295348528598,150.56654356503682,1.055197761485298,1.079835102597876,123,24.5,51.63332257370234,42.44113570582201,4518.333333333333,5432.416666666667,3198.059460568098,4438.450198810282,0.8584182745488953,0.7685018649792958,7012.0,3137.166666666667,2870.5210134902145,2474.292203787221,86.35407500000001,95.8578475,52.92453071312431,54.137336852950575,0.6971735573886867,0.5316943190952403,179.26913,74.69547083333333,77.9667259947913,84.53936653580273,7.612999999999999,8.932500000000001,5.998676253340977,7.594471533425821,0.8970454965315625,0.783253726395782,11.475,5.365,4.729505048099643,4.388037289039372,61.13966666666667,50.79958333333335,16.23238833564017,10.239931787887096,0.7033171600382442,0.6642808830931991,101.981,33.283750000000005,43.80450068454408,43.173559426764776,3.333333333333333,3.916666666666667,2.6207413942088964,3.334496074294944,0.8979457245567799,0.7854035838032989,5,2.333333333333333,2.0548046676563256,1.8911342863183696
Mg1B1.924C0.076,35.78,3.0,15.708999999999998,15.3394,14.668314733445746,14.20039822673414,1.0276497881493798,0.7738377382809775,13.494,7.797388,6.0980003279763775,6.34240375882835,874.92598,786.90310044,862.5319132987916,785.1364953551669,1.0840066285764904,0.7593303348762439,348.6967900000001,485.94966137333336,151.7388115013271,56.56636382126871,99.66666666666669,105.82666666666668,94.54836414638156,102.46956905822589,1.0453438925785568,0.7616946197782438,78,54.09866666666667,33.079029946814074,27.875137468520023,2115.0,2137.484,2096.8742340847257,2117.443345318986,1.0903070515950457,0.6993364446815665,602.0,1443.2893333333334,268.2399423401867,282.7076306198095,49.62545166666666,20.413267126666668,0.006904946660633,0.0043416296029147,0.4736071973403113,0.4248397417227696,121.860555,17.326133066666667,52.25511762875803,20.67795301350708,54.559000000000005,37.6806,35.48502098998265,28.27063133728893,0.8006011377447559,0.5158150408403549,96.523,29.53493333333333,39.52571351242968,22.35198454962482,104.0,72.584,81.60047577577268,50.40702885309643,0.9235130186771092,0.7204134079457918,129.0,48.732,55.5517776493246,61.09555584492214,3.0,2.692,2.8844991406148166,2.639910984157244,1.0608569468580211,0.7091620824092948,2,1.8226666666666669,0.816496580927726,0.5136172375092825
Sm1Fe1As1O0.85,53.23333333,4.0,74.28150000000001,76.55224675324675,56.32545429200911,59.15633632080878,1.1635697169294823,1.1486436779777969,134.36100000000002,35.5222987012987,48.798316418192144,48.33788960573802,891.97970375,875.5399754545455,847.796691146509,833.4473223627858,1.3366176922549795,1.353383368859721,769.37139,148.64454038961043,282.2036931389072,274.8357361898311,140.25,143.84415584415584,120.6764257459634,125.08974469097416,1.2589342711323408,1.242394289162171,190,51.220779220779214,68.49224408646573,67.30142796483283,5280.60725,5486.289519480519,834.3401934034057,1069.3540385272709,1.090050963608692,1.0899637903609187,7872.571,2044.879311688312,3154.740691682549,3035.1286103485554,70.8682325,68.13720577922076,53.8353893815676,51.85378966850773,1.1648214879075334,1.1991114849604132,125.23753,27.037101883116883,46.16494696578001,44.89256805581344,12.646,13.121402597402598,6.187522673486663,6.856357373692393,1.0274701778929722,1.0224782211126244,27.256,7.09677922077922,9.91204913224304,9.800495906164466,35.981675,37.382518181818185,6.152911479734617,7.6055184763649955,0.914320464516184,0.9141046037090192,80.3733,20.87722207792208,31.55299894490023,31.337699147851108,4.25,4.181818181818182,4.053600464421103,3.992137346432816,1.339718043094599,1.3534782748945422,3,0.5454545454545455,1.299038105676658,1.2764324545772066
Mg1B1.98C0.02,37.53333333,3.0,15.708999999999998,15.317,14.668314733445746,14.172524247821658,1.0276497881493798,0.7202008133134888,13.494,8.021593333333334,6.0980003279763775,6.356223407024017,874.92598,781.5683804666667,862.5319132987916,780.6756241362826,1.0840066285764904,0.6718430816924789,348.6967900000001,521.1746624666667,151.7388115013271,38.73250523842311,99.66666666666669,106.2,94.54836414638156,102.9704331180784,1.0453438925785568,0.7137601105398399,78,56.973333333333336,33.079029946814074,27.483813418083017,2115.0,2138.846666666667,2096.8742340847257,2118.696423129789,1.0903070515950457,0.6239089699288765,602.0,1529.2866666666669,268.2399423401867,283.5034329402184,49.62545166666666,18.6428317,0.006904946660633,0.004221241415826,0.4736071973403113,0.1791508344649261,121.860555,17.830428,52.25511762875803,15.269186904806968,54.559000000000005,36.65766666666667,35.48502098998265,27.88387387740616,0.8006011377447559,0.3645364456773825,96.523,32.432,39.52571351242968,20.41800800491784,104.0,70.67999999999999,81.60047577577268,48.95670894455841,0.9235130186771092,0.6268342173005796,129.0,51.14,55.5517776493246,60.89677823990363,3.0,2.6733333333333333,2.8844991406148166,2.625772485954063,1.0608569468580211,0.614658082199361,2,1.9533333333333327,0.816496580927726,0.4829998849781321
La1.85Sr0.15Cu0.975Ni0.025O4,19.98,5.0,72.9526,56.79113214285714,59.18582402976206,35.762741059965485,1.4457929583507043,0.999167269928564,122.906,36.50098928571428,40.25017902370124,52.53176521890998,776.820032,1011.2668659642858,734.2956479260066,939.3123877893572,1.5493556968113702,0.7980042515598041,775.835885,748.1860407142857,282.7436806422876,355.24313889207554,154.0,110.21071428571427,135.28137409761914,85.95764490396309,1.50650331881979,1.1329513856252402,178,59.19642857142857,65.33911539039995,77.83257140117091,5329.0858,2961.288,1130.1439129964454,53.42590689048328,1.3002028515144444,0.8199247921724625,8958.571,1623.4834285714285,3530.6799550010987,3581.539234853321,84.32789,109.63073666071428,52.35794852072084,94.7587706450314,1.3645721999222422,0.7810097631275665,136.333305,80.45194971428572,51.05334902943949,43.612405461153486,8.854800000000001,3.930428571428572,5.396691865385785,1.5359712868528412,1.3484289622545207,1.0930169213467105,16.706,1.7564285714285717,5.765927866354208,4.558248374638877,108.16534,60.5199,13.59913576592451,0.6344001349526022,0.7925995863168404,0.325973842351048,400.9733,55.83831428571428,149.66664078966426,137.25579692649464,3.0,4.55,2.701920077041227,4.170701582828764,1.494365082953388,0.7427906233091756,4,3.421428571428572,1.5491933384829668,1.7043012812125846
Sr2Cu1F2O2,44.33333333,4.0,46.54075,44.111428571428576,36.06808190762893,33.26481907222007,1.1654119168421644,1.13955437266889,71.62100000000001,20.46314285714286,30.282358225334765,31.63560383879053,1072.4790174999998,1119.1984328571427,975.2837224096022,1013.4556714552068,1.2968456082076616,1.2287853453572657,1131.5760799999998,373.810457142857,449.7629232548447,462.3020172207164,109.25,106.57142857142856,86.70340494452067,82.01031216107859,1.1736028626521005,1.1248626051518238,177,50.57142857142857,71.88662949394693,76.4756864123814,2898.281325,2032.321514285714,86.9360016423483,44.83454384090459,0.5380542275933179,0.6627523823693818,8958.571,1279.5917142857145,3660.545258704626,3052.0039008809867,148.22508125,152.37738214285713,71.0805962046019,66.02332482716568,1.0293288307958246,0.9365977409700657,323.51420499999995,92.43263,116.06903633325302,123.52596014671226,5.3585,4.259714285714286,2.1646521540510264,1.6746643527851994,0.838616622818569,0.928827261772542,12.606,1.996,5.270449387860584,4.699705331622573,109.11365,67.4156,1.8032908324027923,0.8332375480865256,0.2827927909509437,0.425050376748882,400.9733,57.27808571428572,169.13826224867776,137.05748591588443,4.25,4.571428571428571,3.600205743678508,3.915600423673875,1.236477074185904,1.1626998330975675,5,1.7142857142857144,2.277608394786075,2.258769757263128
Sm1Fe1As1H0.25O0.75,54.85,5.0,59.6268,73.34456250000001,25.19160679621536,47.38765130032203,1.1822475839675648,1.1437495667222253,149.352,37.527,52.57434237876876,50.036562463073885,975.984369,891.8590975,925.1674430306474,847.7188180289862,1.5593772088622764,1.5435910651205025,769.37139,164.36219749999998,303.21324949950497,282.02369096391044,122.8,140.5625,102.3653851381832,121.42611583027605,1.4442021376034098,1.3125810011901895,190,56.1875,70.50503528117692,68.08080561913174,4224.50378,5280.52355625,134.22285458464953,701.8812359598891,1.0901032163307691,1.0899192333279493,7873.9101,1968.49438125,3524.674342799674,3154.8807592802405,71.244524,66.6048015625,57.17688829017923,51.655067000524895,1.4331399134016058,1.3865738410776565,125.23753,22.4990959375,41.29804164672356,42.49885954972147,10.2284,12.653125,3.8241972291199,6.2765357260066565,1.0764057245428438,1.03520531049554,27.256,6.890124999999999,10.09842232430393,9.90331262681205,28.821440000000003,35.991287500000006,3.037805575714634,6.933516263893511,0.9227971964074672,0.9165137562848475,80.3733,20.09499375,31.64726299309942,31.54206546859041,3.6,3.9375,3.0638870628004047,3.624152699522352,1.4798484179768594,1.419657000365774,5,1.1875,1.743559577416269,1.4347800354061246
Fe1Se0.5Te0.5,12.97125,3.0,87.46833333333332,79.5625,82.55575808891047,74.86978761378558,1.041270069285426,1.0797551688375415,71.755,12.16,29.905281677694028,29.29592132447792,857.5586800000001,833.7751275,854.3679944096737,830.3915759511937,1.0949232687610044,1.065288309672098,178.49725,163.87977250000003,73.34501753933165,75.70727050253772,133.0,138.75,132.04956816087372,137.66828066229462,1.0912791559994357,0.9888515739127204,36,48.0,16.30950643030009,17.282577932704367,6311.0,6701.75,6186.5089014424375,6571.024466210762,1.0789704355627736,0.960307162468716,3055.0,2732.25,1248.2085829967148,1275.372568114902,133.631725,104.1555575,83.54875485910098,55.032195319092,0.8313685394799861,0.9083770909516224,179.26913,40.88551875,83.3944512657459,88.44495026795097,12.664666666666667,12.951,11.73698092303563,12.224066917309388,1.0308776491197127,0.9663329822019217,10.796,5.2315000000000005,4.481238320920779,3.912426740528185,27.75633333333333,40.91725,4.611374810916701,9.422948757420526,0.1661896392787976,0.0965481384228732,79.881,40.07025,37.23219816532758,39.48805664612403,5.0,4.5,4.762203155904598,4.242640687119285,1.0549201676861442,1.0986122883681095,3,0.0,1.4142135623730951,1.5
La1.85Sr0.15Cu0.992Zn0.008O4,29.375,5.0,74.29,56.81056028571428,60.47688589160383,35.774052602702795,1.4518296606872134,0.9895321404591116,122.906,36.63588714285714,39.86339032746714,52.53349578899238,810.66697,1011.48042862,765.2835773553157,939.5598192755782,1.5504866692120027,0.7918761911463461,775.835885,749.7828398971428,286.0781714358816,355.12456544083983,148.6,110.12885714285714,129.97885842494986,85.9063069971622,1.498696436642931,1.118022720345846,178,59.58914285714285,66.63212438456394,77.80396039392592,4974.0858,2959.385714285714,1081.0160782349046,53.41309540872733,1.3095959003345536,0.7862488629477844,8958.571,1623.4834285714285,3229.3609062237933,3578.882823267128,62.02055800000001,109.52177752857143,0.2039384408511865,91.8164849821994,1.0698331917685977,0.7626837393303371,140.964585,80.55119142857143,58.163584479907925,43.77183377538615,6.889200000000001,3.909239428571429,4.551984157772433,1.5334601662589695,1.392475973938103,1.0395763795003627,12.606,1.8410034285714287,4.011255085381632,4.513110775486994,113.18534,61.30168571428572,14.278748058350043,0.6368683964813728,0.8319278214382084,0.3054588513786817,400.9733,56.81217142857143,149.42409762706416,138.2761742991532,3.0,4.55,2.701920077041227,4.170701582828764,1.494365082953388,0.7383754003945492,4,3.426285714285714,1.5491933384829668,1.7043012812125846
Cu2Mo6S8,10.615,3.0,63.857,59.96075,58.04122464945104,52.68481861241286,1.011522508565689,0.9269024143754636,63.895,28.04175,26.08595148095362,29.608663199095968,809.7664433333333,849.5745462499999,798.8910024043615,835.9345770238818,1.0847880567977526,0.9161230234325396,315.3129799999999,406.61191124999993,136.52518021096185,151.1748132131466,135.33333333333334,131.25,128.8690857847463,123.07651280350248,1.0506879199759065,0.9545732778377208,102,55.25,41.96294661828324,47.23280110262359,7082.333333333333,5986.0,5741.6025666122405,4521.19069845242,0.9428402449720708,0.9023513637708188,8153.0,2799.0,3583.487717604488,3937.943435347948,130.51204333333334,142.086223125,119.78632148569646,127.91264500176048,1.016214443315342,0.7982577609213588,128.42153499999998,85.30480062499998,53.038927737873536,60.075898048361225,15.59233333333333,14.49475,8.967766172682072,6.645516254740134,0.7376711185268333,0.5702388181587457,30.273,11.1365,12.488961161317176,14.024311014716552,179.75633333333334,102.0095,24.59944145734284,6.961836891077685,0.5728706101558146,0.7021671871560069,400.731,51.6155,166.24084359814293,129.75254560219616,4.666666666666667,5.5,4.160167646103808,5.230113257230414,1.0042424727540764,0.8367742260818622,4,2.75,1.8856180831641267,1.3228756555322954
Ba1Fe1.9Ni0.1As2,20.15,4.0,81.69675000000001,79.82916,76.20508899630933,75.26978746671035,1.3123000697178724,1.1491392332365034,81.482,28.79494,32.93215542881303,29.97262630425302,737.36249125,783.8402806,719.2685561387,764.57261905512,1.3626432111461428,1.0574980867733563,444.120455,364.057202,157.76428096976167,163.26089510115378,169.25,160.46,162.64644952573997,154.06144307738552,1.34480750139686,1.1663295979159978,134,56.3,50.310908359917335,49.09672494169036,6504.75,6163.08,6127.7703315411245,5912.649796198263,1.332089098888054,1.0685564033508703,5398.0,2813.96,2075.083055566692,1657.3710126583003,54.92408625,42.4012981,37.19571274215313,30.35795465334656,1.0752448655279998,0.8318705619770025,97.64282,29.1847828,41.78075545615639,32.41715780537457,16.445,18.0948,14.701254347593544,16.048956011602858,1.283054569336223,0.9345561152164056,20.58,10.737,7.434226590574165,8.245463053097746,59.97500000000001,56.13,50.97243350953929,49.70655076610656,1.2583616840684904,0.9885416459633524,72.5,28.734,28.273518970938163,23.38350059336712,3.0,3.58,2.7831576837137404,3.366050889666664,1.308605386853449,0.9847496004263516,3,1.96,1.224744871391589,1.218031198286809
Mg1B1.89C0.11,33.85,3.0,15.708999999999998,15.353000000000003,14.668314733445746,14.217348453494363,1.0276497881493798,0.7997628170827228,13.494,7.661263333333335,6.0980003279763775,6.333959898831063,874.92598,790.1420375666668,862.5319132987916,787.8573082629782,1.0840066285764904,0.800414740221288,348.6967900000001,464.5630535666667,151.7388115013271,64.83711537583464,99.66666666666669,105.6,94.54836414638156,102.16666239903822,1.0453438925785568,0.7855782319246938,78,52.35333333333334,33.079029946814074,28.1076502041704,2115.0,2136.656666666667,2096.8742340847257,2116.6829096833294,1.0903070515950457,0.7362383846221412,602.0,1391.0766666666668,268.2399423401867,282.22016013901083,49.62545166666666,21.488174350000005,0.006904946660633,0.0044163913445095,0.4736071973403113,0.5112125975844686,121.860555,17.019954000000006,52.25511762875803,23.293042911790128,54.559000000000005,38.30166666666668,35.48502098998265,28.50806085213324,0.8006011377447559,0.5813764981740237,96.523,28.80033333333334,39.52571351242968,23.426709262909483,104.0,73.74000000000001,81.60047577577268,51.30846164007211,0.9235130186771092,0.7608423616262376,129.0,47.27,55.5517776493246,61.1870280369949,3.0,2.7033333333333336,2.8844991406148166,2.6485321881740327,1.0608569468580211,0.7535682481241105,2,1.7433333333333336,0.816496580927726,0.531026260074668
Pr1.86Ce0.14Cu1O4,19.35,4.0,90.14225,58.46387428571429,66.93466737631745,36.27185259085203,1.178646366999769,1.0103721775709211,124.909,34.63894857142857,53.10159860293756,54.53015277467971,780.467165,1008.3129087714284,725.088492826946,934.1162087721792,1.3089374160386769,0.7796223990690311,785.870325,740.1300945571429,320.17746590392346,359.194514430141,158.25,115.54571428571428,133.6108921092572,87.89363420037098,1.2520675419604976,1.074883696690062,199,61.43142857142857,76.85172411859087,86.01914684818605,5626.10725,3215.899428571429,875.3414532385942,55.93843419026924,1.090027682549391,0.827004385313056,8958.571,1798.8662857142858,3368.074371507804,3772.625348961,89.15214,111.35747357142856,79.07224998448882,101.3053423004152,1.2743990315007443,0.8113720942486851,92.722085,79.58634142857143,41.629727639796215,40.59237681943959,6.460999999999999,4.057971428571428,3.842389055445674,1.568007585282198,1.0957385769105388,0.9870415299303178,12.606,1.7550857142857144,4.494587077808149,4.602683211132482,106.206675,60.8484,6.236070590321659,0.6099125571664923,0.2553091184050707,0.2383970419292143,400.9733,57.27045714285714,170.26854484509718,138.97163635260253,3.5,4.571428571428571,3.2237097954706257,4.207096763645163,1.30130555003691,0.7504762329213276,4,3.3685714285714283,1.5,1.6781914463529617
Sm1.27Ba1.73Cu3O7.05,50.05,4.0,91.808,56.0891846743295,67.68887975843941,36.32956109804675,1.1735118530468809,1.354349805354719,134.36100000000002,9.561897318007665,54.8772748731203,51.19378311434894,776.70425,1000.8528786896552,719.6555228161799,932.1017899835464,1.306415392288782,0.8818770683521197,811.05291,656.8301030421455,323.4431355452234,347.9720506132932,166.75,112.0574712643678,138.68745265401134,87.60546068144339,1.2415824243954388,1.376714431615674,205,10.37777777777778,83.84323168867002,80.32568137188984,4997.85725,3257.683865900384,762.4586553960938,69.11086038638025,1.0336044542349476,0.9052443693906088,8958.571,2058.9981264367816,3508.482352689363,3870.355117271565,80.564975,110.08287873180078,57.92582377179178,89.8695550282032,1.1494045228433574,0.804019289757689,127.070745,74.31141617241379,51.544622310348615,46.18294220147662,7.311,5.0235938697318,4.34381247053958,1.8623846892712663,1.1277654173451093,1.066272190788473,12.606,2.7601379310344827,4.524048297708591,5.290402060838704,108.181675,95.93189540229884,7.154532724962951,1.0602847700609244,0.3124623001097499,0.1910777137168984,400.9733,92.16948390804598,169.1917192785063,166.80801970781343,3.25,4.25823754789272,2.9129506302439405,3.766361543007205,1.2711814798605796,0.8046471384272486,4,2.9762452107279693,1.6393596310755,1.9082346149962404
La1.87Ce0.13Cu1O4,21.83333333,4.0,89.64150000000001,57.92991857142858,66.69552055982197,36.13368061223115,1.1799574986143646,1.0065102310547065,124.11700000000002,34.505324285714295,52.62784555014579,53.72411295044285,782.975775,1010.9844405857144,728.508816472444,938.809371686958,1.310411867474247,0.7807639191534287,779.5023150000001,740.8935665785714,318.22337883173697,355.6323857510086,153.0,109.98857142857145,130.6756699208687,85.85181051929783,1.2618123252634783,1.0922841279788489,178,56.47428571428573,71.11258679024411,77.60957146946161,5469.35725,3048.405142857143,854.3392630102438,54.50548629653132,1.085887402948107,0.8313414865260426,8958.571,1641.0434285714286,3325.370021874661,3621.8891811393296,88.42850250000001,110.58421521428572,77.85850495976422,99.64457206155188,1.2682406967172,0.800140158125048,95.616635,79.65525928571428,42.35342579165033,41.79700615943764,6.2885,3.8756857142857135,3.7423504431263295,1.524930268999259,1.0884794437227738,0.9891372753803856,12.606,1.7628857142857144,4.488048211639443,4.499250313878833,106.456675,61.11725714285714,6.357215908167849,0.6226716730297485,0.2629010461323042,0.2492362694504354,400.9733,57.27045714285714,170.13145366500245,138.8787632674614,3.5,4.571428571428571,3.2237097954706257,4.207096763645163,1.30130555003691,0.7480143869148852,4,3.3728571428571428,1.5,1.6781914463529617
Bi2Sr2Ca1Cu2O8.11,86.45,5.0,83.2446,58.90945665122436,59.50576109199983,35.912115490566784,1.311509099928557,1.3731550124245144,192.981,25.00873593646592,67.23376511128913,64.06769020793828,780.389977,1008.75022801456,740.8949298577522,948.254273991809,1.553232538357343,1.012968504303517,764.450655,666.1933577299802,276.2148974305308,333.24362318977705,146.4,103.45996029119787,130.1387460715622,84.67844860728187,1.5155407646627377,1.568669624944271,171,16.14824619457313,59.27765177535291,65.16920565509825,4589.6858,2935.512189940437,874.6469218868898,62.87730331456126,1.1614086463107487,1.099193554043949,9805.571,1297.3137531436137,4011.288379771088,3976.666238785953,71.55327600000001,104.24153834215753,26.19414405934706,61.90873832225394,1.1637865816204207,0.8058054565305823,139.227855,75.54507308735937,58.01047309181226,52.76596685575225,8.152800000000001,5.009982792852415,5.29302227837702,1.8824551553923068,1.4072455447973358,1.4386575277581963,12.606,1.4890244870946394,4.335559866960668,5.155845648561313,129.07934,72.13478074123097,14.343748274238912,0.9479769325610036,0.8729185343178049,0.7785743654212341,400.9733,53.06310145598941,154.40939190263785,137.5815964539977,3.4,4.544010589013898,2.9925557394776896,4.071814611980104,1.4828233752680686,0.9588542588996,4,3.088021178027796,1.743559577416269,1.818506106083432
Rb0.8Fe1.7Se2,31.875,3.0,73.42433333333332,71.38464444444443,72.23233575878977,70.25797813635664,1.0830074213463945,1.038641644183083,29.623000000000005,19.89902222222221,12.711234829429,12.328482655407814,702.121345,777.8620699999999,661.2386018477906,747.4428693924376,1.0442273315132669,0.92118275449875,537.9038750000001,346.5398142222222,223.69994017072383,192.0582067258185,180.3333333333333,159.3777777777778,170.54954801034413,152.54344755701993,1.0422086498013388,1.0944650912123368,145,11.822222222222216,61.64594246357356,51.73749505978936,4741.666666666667,5388.755555555556,3873.79856568725,4731.883175865068,0.9340709733679808,0.845585855365522,6342.0,2702.266666666667,2589.688055002421,2263.175813424387,85.87165,100.94260699999998,52.39098096738555,58.47092008275041,0.6915894024726247,0.5036160284061866,179.26913,80.72363922222222,78.20456949369785,84.81905466860071,7.565333333333334,8.581911111111111,5.873630813015411,7.216143075522238,0.8881518428624695,0.8102303384716383,11.618,4.827422222222222,4.782879002813636,4.378207161345192,46.37300000000001,40.95066666666666,13.441532829001083,8.071145880395715,0.7023084513922355,0.5983846310600753,79.881,30.142666666666667,33.666521323118616,36.97775839008573,3.333333333333333,3.977777777777778,2.6207413942088964,3.3580782163743392,0.8979457245567799,0.7647173768467616,5,2.488888888888889,2.0548046676563256,1.937798165030368
Fe1Se0.1Te0.9,10.03333333,3.0,87.46833333333332,89.29050000000001,82.55575808891047,82.41292114733307,1.041270069285426,0.7853298452866088,71.755,53.472,29.905281677694028,35.00092430565227,857.5586800000001,819.4567535,854.3679944096737,817.3520466336896,1.0949232687610044,0.8730583388539803,178.49725,344.1523465,73.34501753933165,59.01969310729029,133.0,139.35,132.04956816087372,138.3498401295456,1.0912791559994357,0.8269719012320754,36,72.0,16.30950643030009,16.662157723416257,6311.0,6985.95,6186.5089014424375,6919.562189503241,1.0789704355627736,0.8056720317548656,3055.0,3696.05,1248.2085829967148,937.8158921131588,133.631725,103.19070750000002,83.54875485910098,54.75715808112407,0.8313685394799861,0.574304924463813,179.26913,77.71384325000001,83.3944512657459,87.46963936763184,12.664666666666667,15.1102,11.73698092303563,14.81277884821025,1.0308776491197127,0.7819992039683271,10.796,7.5358,4.481238320920779,2.633520981499862,27.75633333333333,41.28345,4.611374810916701,12.745795034238848,0.1661896392787976,0.1244003911895057,79.881,40.17405,37.23219816532758,39.11847835930611,5.0,4.5,4.762203155904598,4.242640687119286,1.0549201676861442,0.8532361502557781,3,2.4000000000000004,1.4142135623730951,1.5
Y0.95Ca0.05Ba2Cu4O8,85.16,5.0,69.17120000000001,49.55297333333333,54.87250924351889,34.4203924524426,1.4191714505923856,1.3008069947621876,121.328,18.176673333333333,41.809126799779015,42.16985347835531,750.383142,1006.5559628666668,705.0847830510737,943.1694430434748,1.541861301021228,0.8887622320503945,811.05291,698.7980799833334,292.3403242325816,336.8251715071409,167.0,107.54,144.92451772406534,85.8937040724687,1.500622339869293,1.36011049917852,205,33.486666666666665,71.8776738633075,74.42751552125509,3698.6858,3146.4888,791.9470941162958,70.98607432461797,1.218288237193935,0.7217415925583228,8958.571,2388.5712000000003,3052.920005713638,3798.067136570446,61.07500500000001,110.69112978333334,26.05421006813238,88.34916367706086,1.1203510132410623,0.7590898881709456,139.227855,75.1753229,57.43265066173117,47.04283284861146,8.1088,5.415966666666667,5.2564315584328,1.9638836225057377,1.4045580279770622,1.022383761405397,12.606,3.4515333333333333,4.361067502343893,5.604031518965213,127.52534,111.16024,14.677077662314431,1.286908502758087,0.8557827958809764,0.198742479619494,400.9733,106.91909333333334,155.25645816024013,175.27753979527364,3.0,4.196666666666667,2.701920077041227,3.6867790524942,1.494365082953388,0.7943986007227278,4,3.1933333333333334,1.5491933384829668,1.9419892435907624
Ba1Fe2As1.3P0.7,30.25,4.0,74.767,73.61948,64.95113146961833,66.44816007012801,1.252352174774571,1.2483132540405717,106.353,23.129040000000003,39.337153423957865,34.542043321286016,806.0356899999999,793.4231708000001,778.5393214962318,772.2148504407558,1.3543290770778065,1.3000712228707298,508.9583750000001,204.39382400000005,197.5038640848848,173.43158222703457,156.5,157.66,146.4719755434969,150.06789962902045,1.318315887682561,1.2636329339011794,155,48.68000000000001,59.45796834739647,52.01869279403319,4733.5,5595.840000000001,4121.488521662167,5024.707536645316,1.2643390120650533,1.077018272841163,6051.0,2894.380000000001,2281.3233549849965,2223.3822645690057,45.05849499999999,39.58007669999999,33.349058455550235,28.8426108812828,1.1388704978905393,1.1686866579646775,64.64495,17.6413174,30.34119599105171,30.033127525745574,12.321749999999998,14.241980000000002,6.503987571776504,9.46405731735426,1.0173821690235596,0.9749479080101738,27.043,7.11002,10.022849604154498,9.11850626690578,37.309,48.92504,11.505947762236,23.41297659471655,0.9679885366839128,0.8278423672706645,80.164,32.126960000000004,30.638904076353647,30.24788684252836,3.75,3.6000000000000005,3.499635511580583,3.393458190271589,1.3229495106045284,1.2965808843804782,3,0.9,1.299038105676658,1.2
Na1Fe0.975Co0.025As1,21.05,4.0,53.1725,51.27806666666666,48.79471599155509,45.83940744764456,1.314758686381429,1.0465851503541137,51.932,24.482891666666664,18.87027870090953,21.45577395004793,741.4148612500001,735.0701684583333,722.3232927927226,710.0443664108956,1.3617417111375878,1.106074156970668,451.16386,309.3301059583333,160.76062145813486,185.1960655244644,154.25,154.96666666666667,152.16584679107797,152.18822266561912,1.3729117371353292,1.1193324733759296,71,62.06666666666666,25.14333907817337,28.99538277419738,5868.0,4865.883333333333,4443.067974160761,3528.2327709056963,1.2100637246793993,0.9490956785017968,7929.0,2484.8833333333337,3050.3094105352657,2894.8826838156247,52.7290525,49.44695441666666,45.17605547154948,40.74341609628482,1.2699351797513754,0.9876994888483396,62.81173499999999,25.648125125,23.22369097062698,25.63732510264426,15.077000000000002,14.722583333333333,11.26436986919525,9.992677604687046,1.1834676106828284,0.8644275139072224,25.102,9.098333333333333,8.915323718183204,10.267836862084872,92.9,90.69666666666666,86.85497900352976,83.019954771579,1.322575656572993,1.054097890334917,90.8,46.16666666666666,32.95284509719912,37.75332200247048,3.0,3.0,2.590020064111352,2.46621207433047,1.2650013748730702,0.9758572568515262,4,1.6416666666666666,1.4142135623730951,1.632993161855452
Cs0.86Fe1.66Se2,28.16666667,3.0,89.23666666666666,80.73473451327433,83.68435084416753,76.76952995684634,1.0347159395375165,1.0741692446949551,77.06,14.428606194690264,32.28795759343653,27.32693325096997,693.0195933333334,767.8276300000001,645.9546410477501,731.3810957611884,1.035852530103432,0.9207741506467296,565.20913,344.8519054424779,235.90692774577525,206.20904324152548,191.3333333333333,167.08849557522123,177.35388358649723,157.1047183333788,1.02160081545618,1.0980543704898271,178,4.194690265486727,76.84327484490032,65.47526149354587,4855.333333333333,5380.446902654868,4142.190211526215,4821.493390776295,0.9622199817078796,0.8803134472047643,6001.0,2535.4115044247787,2450.0326981945004,2182.5881261925256,85.42138666666666,100.72222842920354,51.88300317887296,58.654213968787225,0.686192059693688,0.5075266388800036,179.26913,80.5056324557522,78.43126059976578,84.64655276237467,7.532,8.43179646017699,5.782917841280489,6.999760467043569,0.881645463695975,0.8173858454103851,11.718,4.673778761061947,4.820412430487665,4.427925542896899,38.93966666666668,36.58761061946903,11.442105603754664,7.405708081711736,0.6437952313539471,0.5181707856545467,79.881,29.29778761061948,32.68203604768562,35.78669670568967,3.333333333333333,3.946902654867257,2.6207413942088964,3.307810794306715,0.8979457245567799,0.7690993505263959,5,2.4646017699115044,2.0548046676563256,1.9613103257933835
La1.85Sr0.15Cu0.99Zn0.01O4,28.36,5.0,74.29,56.81108428571429,60.47688589160383,35.77434341982813,1.4518296606872134,0.9910772278640618,122.906,36.61720714285714,39.86339032746714,52.53357211626032,810.66697,1011.5264106142856,765.2835773553157,939.6122964785887,1.5504866692120027,0.7930970706636019,775.835885,749.5238741571428,286.0781714358816,355.10053395562096,148.6,110.12714285714289,129.97885842494986,85.9051286353234,1.498696436642931,1.1195159855183408,178,59.55428571428571,66.63212438456394,77.80363271252381,4974.0858,2958.8637142857147,1081.0160782349046,53.40961545559745,1.3095959003345536,0.7896349048171446,8958.571,1623.4834285714285,3229.3609062237933,3578.140724297775,62.02055800000001,109.48773210714286,0.2039384408511865,91.08992420158584,1.0698331917685977,0.7623392740090817,140.964585,80.55119142857143,58.163584479907925,43.81064808458757,6.889200000000001,3.907602857142858,4.551984157772433,1.533206988957523,1.392475973938103,1.0425254707924507,12.606,1.8351828571428568,4.011255085381632,4.510833787607388,113.18534,61.22025714285715,14.278748058350043,0.6366427355441426,0.8319278214382084,0.3089817443862258,400.9733,56.6976,149.42409762706416,138.15997464590365,3.0,4.55,2.701920077041227,4.170701582828764,1.494365082953388,0.7389661137466836,4,3.4257142857142857,1.5491933384829668,1.7043012812125846
Ba1Fe1.824Co0.176As2,21.05,4.0,81.75675,79.8808976,76.28287188066778,75.33753794950675,1.3125958349549796,1.1781601895234093,81.482,27.8943584,32.89038174280591,29.93404952810619,743.1757125,784.274540288,724.874908839471,765.0167317283974,1.362739174799401,1.097797143468728,444.120455,352.034090368,158.07727532721103,163.16462583745349,170.0,160.4592,163.4590299324649,154.06203727883317,1.3455183674350106,1.2054640237021186,134,51.5584,50.02499375312305,49.09255274845667,6502.75,6178.5152,6126.39407758987,5923.561619058957,1.3321690393405774,1.122247948368373,5390.0,2559.1552,2072.768363204147,1677.8344042750346,42.9840675,42.176449456,32.34474945431943,30.6661454364653,1.1478364875754914,0.8260896853447024,64.64495,29.170580208,28.6603085401515,30.99186260894345,16.2075,18.112128,14.4932943968178,16.069615623932282,1.2818495963031755,0.9653781389903062,20.58,10.50976,7.423076771123951,8.235096878095362,62.25,56.60992,52.20287204381002,49.96690596663329,1.2467534385015937,1.0587330675924755,81.6,25.809920000000005,30.913225325093467,24.107478623730024,3.25,3.6,3.0800702882410227,3.393458190271589,1.3322449220385326,1.036183629925771,3,1.8944,1.0897247358851685,1.2
Re2Zr1,6.366666667,2.0,138.7155,154.546,130.33244940535712,146.79131889891732,0.6333376109184006,0.495873603890511,94.983,93.73,47.49149999999999,44.77541559829456,697.97249,717.2694899999999,695.5675588437119,715.1118944511483,0.6897035658707336,0.6086985936741496,115.78199999999993,290.5484966666666,57.89099999999996,54.58015822622719,197.0,194.0,196.79430886080007,193.81808859084384,0.6921032446748776,0.6498587487595237,18,56.66666666666667,9.0,8.48528137423857,13765.5,16183.666666666664,11698.77002081843,14222.339439426523,0.5470083875381266,0.3941189198743652,14509.0,11843.0,7254.5,6839.608192157079,27.78768,23.34937,24.389911825947628,20.49543656995312,0.5734922861466027,0.6780102020798757,26.62986,4.05237,13.31493,12.553436392032262,27.1,29.133333333333333,26.40454506330304,28.499144326418165,0.6675955378984236,0.5513962465047111,12.200000000000005,15.133333333333333,6.100000000000001,5.751135153650588,35.35,39.56666666666666,33.00908965724441,37.39694371013818,0.6276770817627567,0.4880137060763191,25.3,24.433333333333334,12.65,11.926534376013102,5.5,5.999999999999999,5.2915026221291805,5.808785733563703,0.6554817737013927,0.5297061988576545,3,3.333333333333333,1.5,1.4142135623730951
La1.78Sr0.22Cu0.9975Zn0.0025O4,19.25,5.0,74.29,56.29626928571429,60.47688589160383,35.60879571304402,1.4518296606872134,1.0324137074442832,122.906,35.298207142857144,39.86339032746714,51.97671474500095,810.66697,1011.4678304357144,765.2835773553157,939.6122337311756,1.5504866692120027,0.8005607028285869,775.835885,750.4949956821429,286.0781714358816,355.0406905868573,148.6,110.06357142857142,129.97885842494986,85.88252187492878,1.498696436642931,1.1598897485394746,178,57.425,66.63212438456394,77.70366943965874,4974.0858,2925.6612142857143,1081.0160782349046,52.97112453917512,1.3095959003345536,0.8059843579341643,8958.571,1562.0234285714284,3229.3609062237933,3566.7085484125414,62.02055800000001,109.2082357375,0.2039384408511865,91.7276952840126,1.0698331917685977,0.7600961025415129,140.964585,80.55119142857143,58.163584479907925,44.44503124327075,6.889200000000001,3.92604,4.551984157772433,1.5369355972941163,1.392475973938103,1.070073864014542,12.606,1.8570100000000005,4.011255085381632,4.527236059811455,113.18534,61.74461428571429,14.278748058350043,0.6436646328658497,0.8319278214382084,0.3116660238195432,400.9733,57.12724285714286,149.42409762706416,138.5362040347569,3.0,4.54,2.701920077041227,4.153825080432498,1.494365082953388,0.7461528067410368,4,3.4278571428571425,1.5491933384829668,1.7162583888048026
